property_id,title,location,district,region,latitude,longitude,price,property_type,bedrooms,bathrooms,area_size,listing_type,year_built,furnished,dist_to_beach,property_type_encoded,listing_type_encoded,location_score,is_beachfront,is_tourist_area,dist_to_city
PROP1000,Charming 3 Bedroom Condo in Mahebourg,Mahebourg,Grand Port,East,-20.400410714278017,57.70977107155733,195000,condo,3,4,112,sale,1994.0,False,1.4573886534664844,3,1,45,0,0,23.390865231294974
PROP1001,Elegant 2 Bedroom Apartment in Rose Hill,Rose Hill,Plaines Wilhems,Central,-20.2330265525688,57.4742228933429,125000,apartment,2,3,61,sale,1984.0,True,7.0893846667553255,0,1,55,0,0,3.45848504703303
PROP1002,Modern 1 Bedroom Apartment in Flic en Flac,Flic en Flac,Black River,West,-20.26947226474659,57.36915800513242,320000,apartment,1,1,122,sale,1988.0,True,4.051340344684167,0,1,85,0,1,12.21979274267586
PROP1003,Spacious 3 Bedroom Condo in Beau Bassin,Beau Bassin,Plaines Wilhems,Central,-20.225816084471795,57.469566769682025,315000,condo,3,4,162,rent,1986.0,True,7.03430636277144,3,0,55,0,0,4.346979272119878
PROP1004,Elegant 2 Bedroom Condo in Curepipe,Curepipe,Plaines Wilhems,Central,-20.31355082732363,57.524760297880064,260000,condo,2,2,131,rent,2006.0,True,6.259548347874627,3,0,55,0,0,0.9523293976668477
PROP1005,Spacious 5 Bedroom Condo in Belle Mare,Belle Mare,Flacq,East,-20.203250620524813,57.78169978915476,355000,condo,5,1,125,rent,2018.0,True,3.1783028896959573,3,0,75,0,1,31.724567934333194
PROP1006,Cozy 2 Bedroom Condo in Belle Mare,Belle Mare,Flacq,East,-20.198770008671705,57.77311327864062,360000,condo,2,3,119,rent,1988.0,True,2.8654653209663232,3,0,75,0,1,30.71157975908037
PROP1007,420 sqm Land in Grand Baie,Grand Baie,Rivière du Rempart,North,-20.02659119130649,57.58694605857234,555000,land,0,0,420,sale,0.0,False,3.510084456255954,4,1,90,0,1,17.919052222401728
PROP1008,Cozy 4 Bedroom Apartment in Flic en Flac,Flic en Flac,Black River,West,-20.27754005460729,57.36001912580536,290000,apartment,4,5,115,rent,2023.0,True,4.4064151681456725,0,0,85,0,1,13.305675008146938
PROP1009,556 sqm Land in Curepipe,Curepipe,Plaines Wilhems,Central,-20.3172081416442,57.521927598229695,395000,land,0,0,556,rent,0.0,False,8.081822592444828,4,0,55,0,0,0.601858054781824
PROP1010,Luxurious 4 Bedroom Condo in Trou aux Biches,Trou aux Biches,Pamplemousses,North,-20.04179449603417,57.54641365249587,530000,condo,4,4,175,sale,2013.0,True,2.4985964442704667,3,1,85,0,1,14.337006497798205
PROP1011,Elegant 2 Bedroom Condo in Port Louis,Port Louis,Port Louis,North,-20.15917219847703,57.50259459763488,510000,condo,2,3,184,rent,1985.0,True,2.0205362711696147,3,0,65,0,0,0.5097662502048972
PROP1012,Modern 3 Bedroom House in Vacoas,Vacoas,Plaines Wilhems,Central,-20.297027832636505,57.47330097369646,215000,house,3,1,155,sale,1990.0,False,14.195634003718451,1,1,50,0,0,3.7440376804628763
PROP1013,Elegant 1 Bedroom Villa in Tamarin,Tamarin,Black River,West,-20.318509846715173,57.374307748399744,1235000,villa,1,2,306,rent,2019.0,False,4.187443463402625,2,0,80,0,0,13.121769740522621
PROP1014,Luxurious 2 Bedroom House in Rose Hill,Rose Hill,Plaines Wilhems,Central,-20.244742808488304,57.4756852036065,345000,house,2,3,234,sale,2023.0,False,10.253532788519928,1,1,55,0,0,2.1490396442420274
PROP1015,Luxurious 4 Bedroom House in Mahebourg,Mahebourg,Grand Port,East,-20.411018186548176,57.69609626960318,365000,house,4,5,255,sale,1987.0,True,2.897003345523601,1,1,45,0,0,22.533109168439005
PROP1016,Luxurious 3 Bedroom Condo in Beau Bassin,Beau Bassin,Plaines Wilhems,Central,-20.22091083242672,57.45845026852362,205000,condo,3,3,115,rent,2023.0,True,9.46838934460772,3,0,55,0,0,5.283754027948959
PROP1017,Beautiful 5 Bedroom Condo in Trou d'Eau Douce,Trou d'Eau Douce,Flacq,East,-20.22012015357037,57.77934761030661,210000,condo,5,3,89,rent,2010.0,False,4.6231842546332045,3,0,65,0,0,31.05375399111501
PROP1018,712 sqm Land in Port Louis,Port Louis,Port Louis,North,-20.16594842265727,57.499299565219545,620000,land,0,0,712,rent,0.0,False,3.717644443984161,4,0,65,0,0,0.4515582918934192
PROP1019,Charming 3 Bedroom Condo in Quatre Bornes,Quatre Bornes,Plaines Wilhems,Central,-20.261373329512228,57.4838930133952,305000,condo,3,2,142,sale,2024.0,False,6.5275771393041335,3,1,60,0,0,0.5963263307290037
PROP1020,Modern 2 Bedroom Villa in Belle Mare,Belle Mare,Flacq,East,-20.19563544749158,57.77790139318205,1310000,villa,2,2,351,sale,1994.0,True,1.2977492528401684,2,1,75,0,1,31.19472436387907
PROP1021,Luxurious 1 Bedroom Apartment in Belle Mare,Belle Mare,Flacq,East,-20.18718963480313,57.7722563536897,295000,apartment,1,2,121,sale,2023.0,True,2.737386232263632,0,1,75,0,1,30.47213067357938
PROP1022,Beautiful 2 Bedroom Villa in Mahebourg,Mahebourg,Grand Port,East,-20.40376891219748,57.70780834170393,825000,villa,2,3,329,rent,1988.0,True,4.036359439220427,2,0,45,0,0,23.34405326789556
PROP1023,Beautiful 3 Bedroom House in Port Louis,Port Louis,Port Louis,North,-20.15214418134625,57.49422611629478,255000,house,3,1,114,sale,2019.0,True,4.51540742370589,1,1,65,0,0,1.200757277221808
PROP1024,440 sqm Land in Trou aux Biches,Trou aux Biches,Pamplemousses,North,-20.038758338186124,57.535639616549965,560000,land,0,0,440,sale,0.0,False,2.0697892149095782,4,1,85,0,1,14.264112559359631
PROP1025,Charming 5 Bedroom Villa in Vacoas,Vacoas,Plaines Wilhems,Central,-20.291104665006905,57.4809439421041,715000,villa,5,6,284,sale,2007.0,True,12.183883836957795,2,1,50,0,0,3.0377211098920673
PROP1026,590 sqm Land in Trou aux Biches,Trou aux Biches,Pamplemousses,North,-20.040779327290966,57.54797471427396,730000,land,0,0,590,rent,0.0,False,2.0159031112779053,4,0,85,0,1,14.506024685901904
PROP1027,Cozy 1 Bedroom House in Port Louis,Port Louis,Port Louis,North,-20.163406058068123,57.4993659737123,450000,house,1,2,247,sale,2024.0,False,2.2597459807126423,1,1,65,0,0,0.17499115341480942
PROP1028,Spacious 1 Bedroom House in Beau Bassin,Beau Bassin,Plaines Wilhems,Central,-20.21855294481319,57.46499815683895,305000,house,1,2,168,rent,2021.0,False,8.676697310226496,1,0,55,0,0,5.260695060174633
PROP1029,Beautiful 3 Bedroom Villa in Trou d'Eau Douce,Trou d'Eau Douce,Flacq,East,-20.22651052852761,57.78081934827393,930000,villa,3,4,330,sale,2007.0,True,1.7253422521605124,2,1,65,0,0,30.97199671482892
PROP1030,Elegant 1 Bedroom Villa in Trou d'Eau Douce,Trou d'Eau Douce,Flacq,East,-20.2220560611577,57.78397029306563,1125000,villa,1,2,382,sale,1999.0,False,4.6243081258263015,2,1,65,0,0,31.46413503528869
PROP1031,Spacious 4 Bedroom Apartment in Souillac,Souillac,Savanne,South,-20.5242962944272,57.51160689791126,105000,apartment,4,5,87,rent,2015.0,False,5.338259490381301,0,0,40,0,0,23.105336926687002
PROP1032,Cozy 4 Bedroom Condo in Flic en Flac,Flic en Flac,Black River,West,-20.277677987621548,57.36088570683423,430000,condo,4,4,150,sale,1994.0,False,1.4062615908202445,3,1,85,0,1,13.211899509708777
PROP1033,Beautiful 1 Bedroom Apartment in Tamarin,Tamarin,Black River,West,-20.318391078780145,57.37706989683749,320000,apartment,1,1,112,rent,2018.0,False,1.2817315609424207,0,0,80,0,0,12.844540834121855
PROP1034,Beautiful 1 Bedroom Villa in Curepipe,Curepipe,Plaines Wilhems,Central,-20.309626886597968,57.52081684337903,745000,villa,1,1,262,rent,2018.0,True,11.132826669036689,2,0,55,0,0,0.866849508427075
PROP1035,Charming 5 Bedroom House in Mahebourg,Mahebourg,Grand Port,East,-20.409608553280083,57.69799440709541,310000,house,5,1,194,rent,1986.0,True,4.3960841871450045,1,0,45,0,0,22.647560630356644
PROP1036,Modern 5 Bedroom Condo in Flic en Flac,Flic en Flac,Black River,West,-20.268266616730504,57.35769559612757,395000,condo,5,6,117,sale,2009.0,False,4.530763621013308,3,1,85,0,1,13.485006188277545
PROP1037,Modern 1 Bedroom Condo in Curepipe,Curepipe,Plaines Wilhems,Central,-20.32464944518364,57.52445461361154,355000,condo,1,2,184,sale,2014.0,True,5.152838211375696,3,1,55,0,0,1.280538254056366
PROP1038,Charming 2 Bedroom Condo in Mahebourg,Mahebourg,Grand Port,East,-20.398797410841244,57.70522540505237,365000,condo,2,1,188,rent,2001.0,True,1.2540377177106894,3,0,45,0,0,22.85680447063236
PROP1039,Elegant 1 Bedroom Condo in Port Louis,Port Louis,Port Louis,North,-20.17021002626982,57.49969601095646,395000,condo,1,2,162,sale,2017.0,True,4.818253370275406,3,1,65,0,0,0.9266350873783199
PROP1040,241 sqm Land in Mahebourg,Mahebourg,Grand Port,East,-20.40644660699513,57.70193218561986,140000,land,0,0,241,sale,0.0,False,1.9439073373883573,4,1,45,0,0,22.8812087047554
PROP1041,375 sqm Land in Grand Baie,Grand Baie,Rivière du Rempart,North,-20.01866016017144,57.59146025372895,435000,land,0,0,375,rent,0.0,False,1.9832507518221203,4,0,90,0,1,18.930317725729328
PROP1042,Modern 2 Bedroom Villa in Blue Bay,Blue Bay,Grand Port,East,-20.42983907749417,57.71025826249429,560000,villa,2,1,160,rent,1980.0,False,3.915570222720559,2,0,70,0,1,24.923730141696776
PROP1043,Luxurious 3 Bedroom Condo in Blue Bay,Blue Bay,Grand Port,East,-20.447150281720056,57.70869394999157,340000,condo,3,2,135,rent,1993.0,True,2.4995570204901867,3,0,70,0,1,25.805545348682948
PROP1044,925 sqm Land in Souillac,Souillac,Savanne,South,-20.51943864723249,57.51236158130284,460000,land,0,0,925,rent,0.0,False,9.101524880863307,4,0,40,0,0,22.56439493516932
PROP1045,230 sqm Land in Blue Bay,Blue Bay,Grand Port,East,-20.43191178552465,57.71478505928218,270000,land,0,0,230,sale,0.0,False,1.7666507954884154,4,1,70,0,1,25.473601593200105
PROP1046,479 sqm Land in Blue Bay,Blue Bay,Grand Port,East,-20.440851691887374,57.71376154623823,565000,land,0,0,479,rent,0.0,False,2.9213468077020703,4,0,70,0,1,25.891977063534313
PROP1047,Modern 1 Bedroom Villa in Curepipe,Curepipe,Plaines Wilhems,Central,-20.30676035023464,57.51992108926649,535000,villa,1,2,185,sale,2002.0,False,11.431212180022529,2,1,55,0,0,1.1107579911214167
PROP1048,Luxurious 2 Bedroom Villa in Grand Baie,Grand Baie,Rivière du Rempart,North,-20.023926852970227,57.58174609337247,995000,villa,2,1,251,rent,2010.0,True,4.071225558356977,2,0,90,0,1,17.863781642231512
PROP1049,Elegant 2 Bedroom House in Trou aux Biches,Trou aux Biches,Pamplemousses,North,-20.041026268566227,57.54764207103936,225000,house,2,2,103,rent,1983.0,True,3.648121098561733,1,0,85,0,1,14.466774589671912
PROP1050,Charming 5 Bedroom Villa in Trou d'Eau Douce,Trou d'Eau Douce,Flacq,East,-20.22984422573795,57.79683319721788,1155000,villa,5,1,312,rent,2013.0,True,2.2492854600212917,2,0,65,0,0,32.54931199708616
PROP1051,Luxurious 1 Bedroom House in Grand Baie,Grand Baie,Rivière du Rempart,North,-20.00974712551112,57.5742546323904,580000,house,1,2,216,rent,1989.0,True,2.824179075832005,1,0,90,0,1,18.846746790388774
PROP1052,Spacious 5 Bedroom Villa in Beau Bassin,Beau Bassin,Plaines Wilhems,Central,-20.21007593926689,57.45281075008017,1005000,villa,5,5,365,rent,1985.0,False,8.453386489160149,2,0,55,0,0,6.639061496292423
PROP1053,616 sqm Land in Beau Bassin,Beau Bassin,Plaines Wilhems,Central,-20.22334296492148,57.46585666016616,445000,land,0,0,616,sale,0.0,False,8.378691055856416,4,1,55,0,0,4.72520851193523
PROP1054,318 sqm Land in Grand Baie,Grand Baie,Rivière du Rempart,North,-20.01744993982101,57.57993532324765,435000,land,0,0,318,sale,0.0,False,4.111334927589616,4,1,90,0,1,18.38467754566687
PROP1055,Modern 4 Bedroom Villa in Tamarin,Tamarin,Black River,West,-20.327525973076856,57.36788269288401,590000,villa,4,4,155,sale,1981.0,False,4.09058126283869,2,1,80,0,0,14.228056485152937
PROP1056,Cozy 3 Bedroom Apartment in Blue Bay,Blue Bay,Grand Port,East,-20.44509016206602,57.71938691461831,245000,apartment,3,4,88,rent,2002.0,False,2.785922755090445,0,0,70,0,1,26.671248203602552
PROP1057,Modern 4 Bedroom Villa in Blue Bay,Blue Bay,Grand Port,East,-20.43084744530231,57.70827092637896,1540000,villa,4,2,392,rent,2018.0,True,4.421693235923238,2,0,70,0,1,24.79099474436594
PROP1058,Luxurious 1 Bedroom Condo in Trou d'Eau Douce,Trou d'Eau Douce,Flacq,East,-20.22080995795643,57.79276371808137,210000,condo,1,2,84,sale,1999.0,False,3.5382305045964366,3,1,65,0,0,32.431316475041605
PROP1059,Modern 5 Bedroom Apartment in Trou d'Eau Douce,Trou d'Eau Douce,Flacq,East,-20.22466548883817,57.7958067880309,175000,apartment,5,4,83,rent,2011.0,True,3.939489520358468,0,0,65,0,0,32.61492757466165
PROP1060,Modern 1 Bedroom Condo in Souillac,Souillac,Savanne,South,-20.52268243737419,57.529512244470325,220000,condo,1,1,138,rent,1988.0,False,6.259412005962388,3,0,40,0,0,22.96432078460805
PROP1061,Cozy 5 Bedroom House in Mahebourg,Mahebourg,Grand Port,East,-20.40058593671391,57.694054450851695,255000,house,5,1,191,sale,2019.0,True,4.511881792250591,1,1,45,0,0,21.81116627500413
PROP1062,Modern 4 Bedroom Villa in Beau Bassin,Beau Bassin,Plaines Wilhems,Central,-20.217753781201544,57.4526621153662,1045000,villa,4,1,365,rent,2024.0,False,5.036154694633548,2,0,55,0,0,5.8936881876808265
PROP1063,Luxurious 1 Bedroom Condo in Tamarin,Tamarin,Black River,West,-20.324876537208294,57.36956809178172,365000,condo,1,1,140,rent,2004.0,False,2.2023258700729964,3,0,80,0,0,13.92047203606021
PROP1064,Charming 5 Bedroom Condo in Beau Bassin,Beau Bassin,Plaines Wilhems,Central,-20.21248166337925,57.47127273339461,245000,condo,5,5,110,rent,2023.0,False,7.457959486268208,3,0,55,0,0,5.762212790108924
PROP1065,Spacious 5 Bedroom House in Mahebourg,Mahebourg,Grand Port,East,-20.40740250266088,57.70153901608092,345000,house,5,6,222,rent,1986.0,False,2.261368483602739,1,0,45,0,0,22.888710357611078
PROP1066,336 sqm Land in Souillac,Souillac,Savanne,South,-20.527886960192003,57.5276361887598,165000,land,0,0,336,sale,0.0,False,7.3986597331638,4,1,40,0,0,23.52916372087015
PROP1067,Cozy 2 Bedroom Villa in Curepipe,Curepipe,Plaines Wilhems,Central,-20.32140514774132,57.52226115269297,630000,villa,2,3,236,sale,1996.0,True,7.925703686793578,2,1,55,0,0,0.8536341161068752
PROP1068,Elegant 5 Bedroom Condo in Tamarin,Tamarin,Black River,West,-20.320922195268743,57.37108313923674,495000,condo,5,3,189,rent,1987.0,False,3.6446957402188014,3,0,80,0,0,13.563176890888148
PROP1069,Spacious 2 Bedroom Apartment in Curepipe,Curepipe,Plaines Wilhems,Central,-20.318747200954416,57.50771348234315,165000,apartment,2,3,80,rent,2015.0,True,14.477229299714905,0,0,55,0,0,1.0261253826147152
PROP1070,327 sqm Land in Quatre Bornes,Quatre Bornes,Plaines Wilhems,Central,-20.268605618918954,57.47406144458012,215000,land,0,0,327,rent,0.0,False,7.693887318838878,4,0,60,0,0,0.7728742280779962
PROP1071,Beautiful 3 Bedroom Villa in Quatre Bornes,Quatre Bornes,Plaines Wilhems,Central,-20.26901643478137,57.47183723528142,670000,villa,3,4,253,sale,1984.0,True,14.566063933439374,2,1,60,0,0,0.9925593881436149
PROP1072,Elegant 4 Bedroom Apartment in Souillac,Souillac,Savanne,South,-20.521280883493567,57.52502034440639,145000,apartment,4,1,118,sale,2000.0,True,6.379403594775136,0,1,40,0,0,22.78315789077297
PROP1073,Spacious 1 Bedroom Apartment in Curepipe,Curepipe,Plaines Wilhems,Central,-20.32091357287924,57.51578271317439,205000,apartment,1,2,109,rent,2024.0,False,10.368929002078623,0,0,55,0,0,0.5310132229045571
PROP1074,Luxurious 2 Bedroom Villa in Belle Mare,Belle Mare,Flacq,East,-20.20449154542911,57.78662395313027,600000,villa,2,3,194,rent,2013.0,False,3.915344927926921,2,0,75,0,1,32.285378588756764
PROP1075,Cozy 2 Bedroom Apartment in Vacoas,Vacoas,Plaines Wilhems,Central,-20.294526541847297,57.47246518361717,195000,apartment,2,1,120,rent,2001.0,True,7.3922173963805,0,0,50,0,0,3.489253109340014
PROP1076,Spacious 1 Bedroom Condo in Flic en Flac,Flic en Flac,Black River,West,-20.27411930234784,57.36554644704938,675000,condo,1,1,198,rent,2004.0,False,3.256708718328379,3,0,85,0,1,12.656384030426048
PROP1077,575 sqm Land in Grand Baie,Grand Baie,Rivière du Rempart,North,-20.01427267961596,57.58554347772542,625000,land,0,0,575,sale,0.0,False,2.4028144091839887,4,1,90,0,1,19.000437103852406
PROP1078,Elegant 2 Bedroom Condo in Trou aux Biches,Trou aux Biches,Pamplemousses,North,-20.02481752625406,57.54494701598776,415000,condo,2,3,126,sale,2004.0,True,2.9502181656182387,3,1,85,0,1,16.051664017826372
PROP1079,Luxurious 5 Bedroom Villa in Belle Mare,Belle Mare,Flacq,East,-20.20177506431316,57.77821537168376,1155000,villa,5,3,368,rent,1982.0,True,1.865544513813239,2,0,75,0,1,31.31835004733629
PROP1080,Spacious 5 Bedroom Condo in Souillac,Souillac,Savanne,South,-20.52373502808055,57.52766541359024,180000,condo,5,3,108,sale,2020.0,False,8.702774317484234,3,1,40,0,0,23.069109266153944
PROP1081,Charming 5 Bedroom House in Mahebourg,Mahebourg,Grand Port,East,-20.406854570761265,57.69706665154542,390000,house,5,3,284,rent,1997.0,True,4.642802027554205,1,0,45,0,0,22.41718129089863
PROP1082,Luxurious 1 Bedroom House in Blue Bay,Blue Bay,Grand Port,East,-20.447021661752117,57.71571303231125,305000,house,1,1,125,rent,2001.0,True,3.9675886751308247,1,0,70,0,1,26.445108060402394
PROP1083,673 sqm Land in Rose Hill,Rose Hill,Plaines Wilhems,Central,-20.2389050800463,57.47294213257398,490000,land,0,0,673,sale,0.0,False,10.427170686953708,4,1,55,0,0,2.8466173897903206
PROP1084,Charming 2 Bedroom Villa in Mahebourg,Mahebourg,Grand Port,East,-20.414039343412608,57.69991685715113,380000,villa,2,1,172,rent,2018.0,False,4.365122414204446,2,0,45,0,0,23.06493656493873
PROP1085,Spacious 4 Bedroom House in Curepipe,Curepipe,Plaines Wilhems,Central,-20.321341421402423,57.51785039398584,355000,house,4,5,255,sale,1996.0,False,11.460143390108923,1,1,55,0,0,0.5873326581376647
PROP1086,Charming 3 Bedroom House in Souillac,Souillac,Savanne,South,-20.530600882858597,57.52711010469466,275000,house,3,3,231,rent,1987.0,True,12.560113995623164,1,0,40,0,0,23.827075207304322
PROP1087,Spacious 4 Bedroom Villa in Trou d'Eau Douce,Trou d'Eau Douce,Flacq,East,-20.217327015797203,57.78680737962984,885000,villa,4,1,235,rent,1985.0,True,1.5146217546124392,2,0,65,0,0,31.937903100201222
PROP1088,Charming 2 Bedroom Villa in Blue Bay,Blue Bay,Grand Port,East,-20.433903870477696,57.71083711941742,650000,villa,2,3,161,rent,2022.0,True,1.489248820140693,2,0,70,0,1,25.21001827803767
PROP1089,Elegant 1 Bedroom Apartment in Rose Hill,Rose Hill,Plaines Wilhems,Central,-20.245645082815397,57.47547790403794,95000,apartment,1,1,54,rent,1992.0,False,11.817764879046823,0,0,55,0,0,2.0549113064411664
PROP1090,Spacious 5 Bedroom House in Blue Bay,Blue Bay,Grand Port,East,-20.439624727182604,57.72070215308271,670000,house,5,3,296,sale,2017.0,False,1.1497383435300643,1,1,70,0,1,26.47561803102572
PROP1091,Cozy 4 Bedroom Villa in Tamarin,Tamarin,Black River,West,-20.33503311804405,57.38081747943305,980000,villa,4,2,266,sale,2000.0,True,4.853696119903336,2,1,80,0,0,13.473411616212715
PROP1092,260 sqm Land in Grand Baie,Grand Baie,Rivière du Rempart,North,-20.02129008231283,57.5819809381041,340000,land,0,0,260,rent,0.0,False,4.85260493708283,4,0,90,0,1,18.128577371742946
PROP1093,Spacious 5 Bedroom House in Tamarin,Tamarin,Black River,West,-20.327952955697075,57.38085403091313,220000,house,5,3,107,rent,2020.0,False,4.633443205184347,1,0,80,0,0,13.02435998286767
PROP1094,Charming 1 Bedroom House in Curepipe,Curepipe,Plaines Wilhems,Central,-20.3155957847412,57.5189679373328,290000,house,1,2,187,rent,1985.0,False,13.213119302869496,1,0,55,0,0,0.27126281858968465
PROP1095,Modern 1 Bedroom House in Beau Bassin,Beau Bassin,Plaines Wilhems,Central,-20.220533595767886,57.46842669636976,370000,house,1,1,242,rent,1983.0,True,14.741337656107712,1,0,55,0,0,4.946543036752492
PROP1096,Beautiful 2 Bedroom Apartment in Vacoas,Vacoas,Plaines Wilhems,Central,-20.299061619221504,57.48745582583223,245000,apartment,2,2,132,sale,1988.0,False,7.679917957484785,0,1,50,0,0,3.75289503521001
PROP1097,Cozy 3 Bedroom Villa in Curepipe,Curepipe,Plaines Wilhems,Central,-20.319947268553268,57.52379816222286,1185000,villa,3,3,392,rent,2020.0,True,9.001185662673283,2,0,55,0,0,0.9007809761777607
PROP1098,Modern 3 Bedroom House in Tamarin,Tamarin,Black River,West,-20.32442083386192,57.37520668161133,305000,house,3,1,126,sale,2003.0,True,3.8621084414805,1,1,80,0,0,13.351739221069824
PROP1099,Elegant 2 Bedroom Apartment in Curepipe,Curepipe,Plaines Wilhems,Central,-20.31113917452552,57.5112978539713,125000,apartment,2,1,67,rent,1998.0,True,9.204079698064849,0,0,55,0,0,0.8135982515086823
PROP1100,Modern 4 Bedroom House in Mahebourg,Mahebourg,Grand Port,East,-20.416107383570417,57.701220999881706,310000,house,4,5,228,rent,1995.0,True,1.5433468419105822,1,0,45,0,0,23.301118014248555
PROP1101,Cozy 4 Bedroom House in Curepipe,Curepipe,Plaines Wilhems,Central,-20.311456814661067,57.52347673075676,315000,house,4,1,208,sale,1983.0,False,5.9920711869527885,1,1,55,0,0,0.9272801618380343
PROP1102,Spacious 4 Bedroom Villa in Trou d'Eau Douce,Trou d'Eau Douce,Flacq,East,-20.228436242653896,57.789260124525576,865000,villa,4,2,254,sale,2015.0,False,2.738470571599119,2,1,65,0,0,31.794480966568234
PROP1103,Modern 2 Bedroom Apartment in Vacoas,Vacoas,Plaines Wilhems,Central,-20.302453938058434,57.48215390323289,100000,apartment,2,1,53,sale,2002.0,False,10.409720810933976,0,1,50,0,0,4.11672019949468
PROP1104,Charming 4 Bedroom Villa in Curepipe,Curepipe,Plaines Wilhems,Central,-20.31922189114308,57.52322756093766,480000,villa,4,5,206,sale,2014.0,True,7.340156594808943,2,1,55,0,0,0.8085219737073266
PROP1105,Charming 4 Bedroom House in Tamarin,Tamarin,Black River,West,-20.320940273131995,57.36822893503549,765000,house,4,4,287,rent,1982.0,True,3.5720807408009323,1,0,80,0,0,13.844954783552787
PROP1106,458 sqm Land in Curepipe,Curepipe,Plaines Wilhems,Central,-20.3244808283474,57.51968647261816,375000,land,0,0,458,rent,0.0,False,8.333567463370038,4,0,55,0,0,0.9809438172304215
PROP1107,Beautiful 2 Bedroom Condo in Souillac,Souillac,Savanne,South,-20.527577094724283,57.51384889141416,255000,condo,2,3,168,rent,2000.0,True,9.653816883158376,3,0,40,0,0,23.46484467117442
PROP1108,Beautiful 2 Bedroom Condo in Grand Baie,Grand Baie,Rivière du Rempart,North,-20.02192892631926,57.57785152693551,500000,condo,2,1,145,rent,2014.0,True,1.6338307304834618,3,0,90,0,1,17.83796077307672
PROP1109,Modern 5 Bedroom Condo in Quatre Bornes,Quatre Bornes,Plaines Wilhems,Central,-20.254340430623596,57.48596776085246,250000,condo,5,4,129,sale,2013.0,True,10.06949699751517,3,1,60,0,0,1.2975591015313344
PROP1110,Cozy 3 Bedroom Condo in Port Louis,Port Louis,Port Louis,North,-20.169302288058383,57.49408493164965,425000,condo,3,4,173,rent,1993.0,True,4.410539201901399,3,0,65,0,0,0.9801919199396202
PROP1111,Charming 5 Bedroom Apartment in Tamarin,Tamarin,Black River,West,-20.317046062561733,57.363578164127375,260000,apartment,5,6,101,sale,1998.0,True,4.611050451039921,0,1,80,0,0,14.119460804705401
PROP1112,Modern 1 Bedroom Condo in Belle Mare,Belle Mare,Flacq,East,-20.187957925656196,57.77188569299364,370000,condo,1,1,144,rent,1994.0,True,3.722044336221373,3,0,75,0,1,30.439147726747244
PROP1113,Luxurious 3 Bedroom Condo in Mahebourg,Mahebourg,Grand Port,East,-20.40730148129579,57.69890251486652,290000,condo,3,3,174,rent,1990.0,True,3.882871657942281,3,0,45,0,0,22.621594888974307
PROP1114,Spacious 1 Bedroom Apartment in Blue Bay,Blue Bay,Grand Port,East,-20.44129571608511,57.722329773751575,275000,apartment,1,1,105,rent,2009.0,False,2.11688194463434,0,0,70,0,1,26.726273337741922
PROP1115,Cozy 1 Bedroom Villa in Flic en Flac,Flic en Flac,Black River,West,-20.27776588785819,57.36922306538304,765000,villa,1,1,195,sale,2003.0,False,3.967570200985832,2,1,85,0,1,12.294464818432582
PROP1116,Spacious 2 Bedroom Condo in Port Louis,Port Louis,Port Louis,North,-20.166020140117126,57.49412144600648,315000,condo,2,3,121,sale,1982.0,False,4.59524000889895,3,1,65,0,0,0.7003575136248165
PROP1117,Cozy 1 Bedroom Villa in Flic en Flac,Flic en Flac,Black River,West,-20.278544695110856,57.362095275286734,1370000,villa,1,2,321,rent,1998.0,False,4.368825756509093,2,0,85,0,1,13.090242583918851
PROP1118,Beautiful 1 Bedroom Villa in Belle Mare,Belle Mare,Flacq,East,-20.20661589603215,57.77314738386067,960000,villa,1,2,248,sale,2016.0,False,1.1432505724882145,2,1,75,0,1,30.843450561495587
PROP1119,Luxurious 3 Bedroom Apartment in Curepipe,Curepipe,Plaines Wilhems,Central,-20.309063936483955,57.50786671297627,175000,apartment,3,3,99,sale,2014.0,True,12.382771573462442,0,1,55,0,0,1.251860070514102
PROP1120,Luxurious 3 Bedroom Villa in Trou d'Eau Douce,Trou d'Eau Douce,Flacq,East,-20.235080164973187,57.78553615529317,635000,villa,3,2,179,rent,1991.0,False,3.4064613493342963,2,0,65,0,0,31.180349145412947
PROP1121,Luxurious 1 Bedroom House in Curepipe,Curepipe,Plaines Wilhems,Central,-20.32613410842876,57.50703360636937,260000,house,1,1,160,sale,1989.0,False,7.154194569574078,1,1,55,0,0,1.5308441259652354
PROP1122,Luxurious 5 Bedroom Villa in Rose Hill,Rose Hill,Plaines Wilhems,Central,-20.24451617868568,57.47259901337081,395000,villa,5,2,169,rent,2001.0,False,7.178880053087605,2,0,55,0,0,2.258866613490529
PROP1123,Spacious 1 Bedroom Villa in Vacoas,Vacoas,Plaines Wilhems,Central,-20.30373596041669,57.48007950231784,405000,villa,1,2,162,rent,2013.0,False,7.603494303999591,2,0,50,0,0,4.283361903231067
PROP1124,860 sqm Land in Port Louis,Port Louis,Port Louis,North,-20.167586646217305,57.49774561719448,665000,land,0,0,860,rent,0.0,False,2.2919028803999515,4,0,65,0,0,0.6440922164182393
PROP1125,Modern 3 Bedroom House in Tamarin,Tamarin,Black River,West,-20.31611536449694,57.37540901404456,365000,house,3,4,178,sale,2001.0,False,2.0126489905777536,1,1,80,0,0,12.891644333680976
PROP1126,Charming 4 Bedroom Apartment in Tamarin,Tamarin,Black River,West,-20.324390743367783,57.37182570340822,225000,apartment,4,4,94,rent,2021.0,True,1.258313456032059,0,0,80,0,0,13.675548172980754
PROP1127,Elegant 1 Bedroom Apartment in Mahebourg,Mahebourg,Grand Port,East,-20.411268427561183,57.703282117323766,165000,apartment,1,1,93,sale,2002.0,False,3.24691449214969,0,1,45,0,0,23.25396190801323
PROP1128,Spacious 2 Bedroom House in Port Louis,Port Louis,Port Louis,North,-20.165924547059564,57.49687997390401,205000,house,2,3,106,rent,1998.0,False,4.346744192499583,1,0,65,0,0,0.49983886010426015
PROP1129,Modern 3 Bedroom House in Quatre Bornes,Quatre Bornes,Plaines Wilhems,Central,-20.258357069720983,57.4849688698128,525000,house,3,3,282,sale,1992.0,True,5.700538014936917,1,1,60,0,0,0.8884794107201484
PROP1130,Beautiful 3 Bedroom Villa in Vacoas,Vacoas,Plaines Wilhems,Central,-20.299556459908978,57.473061416511705,665000,villa,3,2,230,sale,2002.0,False,6.005410782093873,2,1,50,0,0,4.025168124584492
PROP1131,Cozy 2 Bedroom Villa in Belle Mare,Belle Mare,Flacq,East,-20.19526620137444,57.77084346694428,695000,villa,2,3,216,sale,2001.0,False,4.78175819161443,2,1,75,0,1,30.412086325688385
PROP1132,Modern 4 Bedroom Villa in Quatre Bornes,Quatre Bornes,Plaines Wilhems,Central,-20.254807050800075,57.48007992532598,485000,villa,4,3,200,rent,1980.0,True,13.721052673488986,2,0,60,0,0,1.00412608039941
PROP1133,Spacious 3 Bedroom Condo in Belle Mare,Belle Mare,Flacq,East,-20.201094947788445,57.780611420963616,370000,condo,3,3,135,sale,2013.0,False,4.790204424157528,3,1,75,0,1,31.571172660088177
PROP1134,350 sqm Land in Souillac,Souillac,Savanne,South,-20.521805206203727,57.52265721469265,215000,land,0,0,350,rent,0.0,False,10.433706432991702,4,0,40,0,0,22.832079607852737
PROP1135,Beautiful 1 Bedroom Apartment in Vacoas,Vacoas,Plaines Wilhems,Central,-20.298632335534787,57.47889403044103,225000,apartment,1,1,121,sale,1997.0,False,14.194879928776585,0,1,50,0,0,3.8664568390652554
PROP1136,Luxurious 5 Bedroom House in Tamarin,Tamarin,Black River,West,-20.32428122707282,57.36424330808475,575000,house,5,4,249,rent,1984.0,True,1.2912623937417025,1,0,80,0,0,14.408654497620317
PROP1137,Cozy 5 Bedroom Condo in Beau Bassin,Beau Bassin,Plaines Wilhems,Central,-20.2166158562549,57.45714791920039,245000,condo,5,6,143,sale,2013.0,False,5.345179163748027,3,1,55,0,0,5.776520703081512
PROP1138,Luxurious 1 Bedroom Apartment in Belle Mare,Belle Mare,Flacq,East,-20.2054322712638,57.787081746878094,170000,apartment,1,1,76,rent,1980.0,False,1.5567253534188985,0,0,75,0,1,32.35107860951552
PROP1139,Beautiful 3 Bedroom Villa in Beau Bassin,Beau Bassin,Plaines Wilhems,Central,-20.226321937540643,57.465356180310216,730000,villa,3,1,241,sale,1987.0,False,8.932756652351435,2,1,55,0,0,4.43096893700897
PROP1140,Spacious 2 Bedroom Villa in Curepipe,Curepipe,Plaines Wilhems,Central,-20.317991448775388,57.51039410292919,490000,villa,2,3,182,rent,1983.0,False,8.605850649463198,2,0,55,0,0,0.7169813606785631
PROP1141,Elegant 4 Bedroom Villa in Vacoas,Vacoas,Plaines Wilhems,Central,-20.30488961393337,57.47503050622202,405000,villa,4,5,163,sale,2019.0,True,8.536711782397282,2,1,50,0,0,4.583261310429315
PROP1142,Elegant 4 Bedroom Apartment in Souillac,Souillac,Savanne,South,-20.52630660501352,57.52577357322696,190000,apartment,4,4,145,rent,2007.0,True,12.851616966347372,0,0,40,0,0,23.344052105531194
PROP1143,Modern 3 Bedroom House in Belle Mare,Belle Mare,Flacq,East,-20.19752519433093,57.78480797251403,300000,house,3,4,131,rent,2008.0,True,1.479486706024903,1,0,75,0,1,31.981202269011924
PROP1144,Elegant 1 Bedroom Villa in Curepipe,Curepipe,Plaines Wilhems,Central,-20.318404755270443,57.52010035336741,450000,villa,1,2,193,rent,2017.0,True,13.906662746325496,2,0,55,0,0,0.4591888953917826
PROP1145,Charming 5 Bedroom Villa in Port Louis,Port Louis,Port Louis,North,-20.168542305967726,57.494911196128406,1355000,villa,5,4,377,rent,2023.0,False,1.5258990673696022,2,0,65,0,0,0.8600228489351368
PROP1146,Spacious 2 Bedroom Villa in Beau Bassin,Beau Bassin,Plaines Wilhems,Central,-20.22269392961502,57.45839722884287,535000,villa,2,1,190,rent,2019.0,True,9.311257587739316,2,0,55,0,0,5.108790834302831
PROP1147,Modern 4 Bedroom House in Rose Hill,Rose Hill,Plaines Wilhems,Central,-20.234734355269318,57.46889057880449,270000,house,4,3,165,rent,1989.0,True,13.75895251028532,1,0,55,0,0,3.4195278820618626
PROP1148,Modern 3 Bedroom House in Rose Hill,Rose Hill,Plaines Wilhems,Central,-20.23808701028468,57.47422309444911,395000,house,3,1,224,rent,2017.0,False,14.584177825996427,1,0,55,0,0,2.9050251240893776
PROP1149,996 sqm Land in Blue Bay,Blue Bay,Grand Port,East,-20.431393729835328,57.714678919234046,900000,land,0,0,996,sale,0.0,False,3.5808096993785643,4,1,70,0,1,25.43447073712256
PROP1150,Elegant 4 Bedroom Apartment in Mahebourg,Mahebourg,Grand Port,East,-20.415939810853544,57.697076812078336,230000,apartment,4,3,133,rent,2021.0,False,4.648702069457331,0,0,45,0,0,22.888595539607973
PROP1151,Spacious 3 Bedroom Condo in Blue Bay,Blue Bay,Grand Port,East,-20.43511401736724,57.7120698123389,245000,condo,3,2,85,rent,1989.0,False,1.8434297007770215,3,0,70,0,1,25.396691100961608
PROP1152,Spacious 3 Bedroom Condo in Rose Hill,Rose Hill,Plaines Wilhems,Central,-20.235616130211973,57.46196772114654,170000,condo,3,3,80,rent,2020.0,False,7.082600285338266,3,0,55,0,0,3.6610578175125665
PROP1153,Luxurious 2 Bedroom House in Mahebourg,Mahebourg,Grand Port,East,-20.4044885403569,57.69439432588321,280000,house,2,1,174,rent,1987.0,False,4.899592633783485,1,0,45,0,0,22.034461422053703
PROP1154,Cozy 3 Bedroom Condo in Rose Hill,Rose Hill,Plaines Wilhems,Central,-20.239487580527435,57.47246477206164,240000,condo,3,1,118,rent,2017.0,True,12.86117231702658,3,0,55,0,0,2.7973761637948074
PROP1155,Cozy 2 Bedroom House in Curepipe,Curepipe,Plaines Wilhems,Central,-20.31651858909295,57.51742892286408,360000,house,2,2,196,rent,1984.0,True,11.540113206428366,1,0,55,0,0,0.09857225770451876
PROP1156,Modern 3 Bedroom Condo in Trou d'Eau Douce,Trou d'Eau Douce,Flacq,East,-20.21868234837684,57.78603759613596,495000,condo,3,3,187,rent,2004.0,False,1.449440949930232,3,0,65,0,0,31.806160610402905
PROP1157,Beautiful 4 Bedroom Apartment in Trou d'Eau Douce,Trou d'Eau Douce,Flacq,East,-20.2259340022798,57.796144646771445,110000,apartment,4,4,53,sale,1999.0,False,3.1522363228785344,0,1,65,0,0,32.607024134661586
PROP1158,Charming 3 Bedroom Condo in Vacoas,Vacoas,Plaines Wilhems,Central,-20.304206488231756,57.47975776331823,385000,condo,3,2,188,rent,2012.0,True,10.852364234552828,3,0,50,0,0,4.300723223688
PROP1159,Spacious 1 Bedroom Condo in Rose Hill,Rose Hill,Plaines Wilhems,Central,-20.23402731147427,57.46087765646427,175000,condo,1,1,82,rent,2010.0,False,14.020408600029027,3,0,55,0,0,3.8746263394181133
PROP1160,Elegant 4 Bedroom Villa in Belle Mare,Belle Mare,Flacq,East,-20.197553738137533,57.78795150449187,775000,villa,4,1,248,rent,2001.0,False,4.8021225709547535,2,0,75,0,1,32.327873191429326
PROP1161,Beautiful 1 Bedroom Villa in Curepipe,Curepipe,Plaines Wilhems,Central,-20.31870538543591,57.50767818143726,410000,villa,1,2,156,sale,2024.0,True,6.301306736071867,2,1,55,0,0,1.0286280982150051
PROP1162,Luxurious 3 Bedroom Condo in Grand Baie,Grand Baie,Rivière du Rempart,North,-20.02000618363109,57.57807790201973,530000,condo,3,4,150,sale,2014.0,False,1.5805219172559068,3,1,90,0,1,18.03638835777505
PROP1163,Elegant 2 Bedroom House in Curepipe,Curepipe,Plaines Wilhems,Central,-20.32501289751164,57.51563269769538,450000,house,2,3,270,rent,2005.0,False,6.85320384627229,1,0,55,0,0,0.9841064708875962
PROP1164,Luxurious 5 Bedroom Apartment in Mahebourg,Mahebourg,Grand Port,East,-20.41447461975147,57.70963312645464,235000,apartment,5,1,135,sale,2009.0,False,1.1089167401256903,0,1,45,0,0,24.043657909256954
PROP1165,Luxurious 1 Bedroom House in Belle Mare,Belle Mare,Flacq,East,-20.205776724389487,57.78797944798459,505000,house,1,2,230,rent,2016.0,True,2.086692418732573,1,0,75,0,1,32.455324563433116
PROP1166,Modern 3 Bedroom House in Grand Baie,Grand Baie,Rivière du Rempart,North,-20.024334879974475,57.58161611347434,265000,house,3,3,101,rent,1995.0,True,3.230459374109825,1,0,90,0,1,17.8175288939072
PROP1167,664 sqm Land in Belle Mare,Belle Mare,Flacq,East,-20.19388965155656,57.78959076343758,635000,land,0,0,664,sale,0.0,False,4.364967785136028,4,1,75,0,1,32.46146706473455
PROP1168,733 sqm Land in Beau Bassin,Beau Bassin,Plaines Wilhems,Central,-20.21747970319353,57.45862973054725,590000,land,0,0,733,rent,0.0,False,14.554931397558423,4,0,55,0,0,5.621250672153616
PROP1169,Elegant 2 Bedroom House in Souillac,Souillac,Savanne,South,-20.522937183406267,57.51838171277263,225000,house,2,2,184,sale,1992.0,False,9.066152948576583,1,1,40,0,0,22.948679558450618
PROP1170,Elegant 4 Bedroom Villa in Curepipe,Curepipe,Plaines Wilhems,Central,-20.3201868078114,57.522383680341214,850000,villa,4,5,360,rent,2017.0,True,8.16129226837953,2,0,55,0,0,0.7797352587312029
PROP1171,Cozy 3 Bedroom House in Quatre Bornes,Quatre Bornes,Plaines Wilhems,Central,-20.26228210213792,57.48156424798608,385000,house,3,3,262,rent,2000.0,False,14.240964172345986,1,0,60,0,0,0.32125885430472256
PROP1172,Luxurious 3 Bedroom Condo in Port Louis,Port Louis,Port Louis,North,-20.16378524007659,57.50808076200984,345000,condo,3,4,145,rent,2024.0,True,4.829378469033308,3,0,65,0,0,1.0403283433833108
PROP1173,396 sqm Land in Vacoas,Vacoas,Plaines Wilhems,Central,-20.307141700658796,57.483867119315626,235000,land,0,0,396,rent,0.0,False,7.030958190229559,4,0,50,0,0,3.7699075369619575
PROP1174,Luxurious 3 Bedroom House in Quatre Bornes,Quatre Bornes,Plaines Wilhems,Central,-20.267007453428175,57.48372887049958,355000,house,3,1,215,rent,2009.0,False,6.453815050665149,1,0,60,0,0,0.6251005144932961
PROP1175,Luxurious 5 Bedroom Villa in Flic en Flac,Flic en Flac,Black River,West,-20.26923361702685,57.35709506830276,915000,villa,5,4,210,rent,1999.0,True,4.742569870430168,2,0,85,0,1,13.55597131059402
PROP1176,Cozy 2 Bedroom Villa in Grand Baie,Grand Baie,Rivière du Rempart,North,-20.02700089040922,57.592133542113615,1440000,villa,2,2,308,sale,2020.0,True,1.041278506576517,2,1,90,0,1,18.202058460247915
PROP1177,Modern 4 Bedroom Apartment in Blue Bay,Blue Bay,Grand Port,East,-20.43820201644517,57.70545592435982,180000,apartment,4,4,66,sale,1985.0,False,4.6919325372404685,0,1,70,0,1,24.95675287252863
PROP1178,Luxurious 1 Bedroom Apartment in Belle Mare,Belle Mare,Flacq,East,-20.19375159051473,57.77537505567393,125000,apartment,1,2,59,sale,2004.0,False,2.975362531266877,0,1,75,0,1,30.891716841120008
PROP1179,Cozy 3 Bedroom Condo in Curepipe,Curepipe,Plaines Wilhems,Central,-20.31282016504852,57.51079140178555,220000,condo,3,2,112,sale,2018.0,True,12.405358090764048,3,1,55,0,0,0.7459587954407534
PROP1180,Elegant 1 Bedroom Condo in Flic en Flac,Flic en Flac,Black River,West,-20.27103466533498,57.36502172552623,485000,condo,1,2,180,rent,2014.0,True,4.029094925349458,3,0,85,0,1,12.688126932481634
PROP1181,Luxurious 2 Bedroom Apartment in Trou aux Biches,Trou aux Biches,Pamplemousses,North,-20.031245863278976,57.54111856239703,225000,apartment,2,2,75,rent,1986.0,False,3.398612027706388,0,0,85,0,1,15.240955012522342
PROP1182,Elegant 4 Bedroom Apartment in Grand Baie,Grand Baie,Rivière du Rempart,North,-20.017135371974167,57.59068752581168,420000,apartment,4,1,148,rent,1994.0,True,1.323921463133196,0,0,90,0,1,19.026626342774094
PROP1183,704 sqm Land in Beau Bassin,Beau Bassin,Plaines Wilhems,Central,-20.22228131037549,57.46337259888579,460000,land,0,0,704,rent,0.0,False,12.797509887635142,4,0,55,0,0,4.928140910619424
PROP1184,Cozy 2 Bedroom Apartment in Vacoas,Vacoas,Plaines Wilhems,Central,-20.29878058900484,57.48479599861917,160000,apartment,2,3,109,sale,1983.0,True,6.918839606522342,0,1,50,0,0,3.933984709822058
PROP1185,Charming 2 Bedroom Villa in Flic en Flac,Flic en Flac,Black River,West,-20.26558127283735,57.35706684722695,1180000,villa,2,2,318,sale,1998.0,False,2.508464866453107,2,1,85,0,1,13.547122913220171
PROP1186,Spacious 4 Bedroom Villa in Flic en Flac,Flic en Flac,Black River,West,-20.272032795956243,57.354691530498,610000,villa,4,2,155,sale,1991.0,True,3.597243746103713,2,1,85,0,1,13.839544016745979
PROP1187,Modern 1 Bedroom Villa in Blue Bay,Blue Bay,Grand Port,East,-20.44861107126949,57.71110490431384,1185000,villa,1,1,291,sale,2005.0,True,1.0261729997016946,2,1,70,0,1,26.118007425587898
PROP1188,Beautiful 3 Bedroom House in Flic en Flac,Flic en Flac,Black River,West,-20.27673809396282,57.366916858783696,335000,house,3,2,133,sale,1982.0,True,4.625885754967982,1,1,85,0,1,12.53486953651953
PROP1189,Modern 2 Bedroom Villa in Beau Bassin,Beau Bassin,Plaines Wilhems,Central,-20.22154512853444,57.4542455388333,795000,villa,2,1,333,rent,1988.0,True,8.77316177243231,2,0,55,0,0,5.441512100205844
PROP1190,950 sqm Land in Trou d'Eau Douce,Trou d'Eau Douce,Flacq,East,-20.2174268671651,57.79077240050094,720000,land,0,0,950,rent,0.0,False,4.721743728878723,4,0,65,0,0,32.34781436301208
PROP1191,Luxurious 1 Bedroom House in Grand Baie,Grand Baie,Rivière du Rempart,North,-20.023674065418515,57.58347040561574,445000,house,1,1,191,rent,2001.0,False,4.186780297909236,1,0,90,0,1,17.98698831168659
PROP1192,Charming 5 Bedroom Condo in Souillac,Souillac,Savanne,South,-20.518477495671785,57.51926916704155,275000,condo,5,1,183,rent,2009.0,False,14.814086681652489,3,0,40,0,0,22.454756710140405
PROP1193,Charming 4 Bedroom Villa in Beau Bassin,Beau Bassin,Plaines Wilhems,Central,-20.214146810158745,57.45472312168726,1130000,villa,4,1,393,sale,1998.0,True,11.791036662320668,2,1,55,0,0,6.139886972098859
PROP1194,Modern 1 Bedroom Villa in Blue Bay,Blue Bay,Grand Port,East,-20.430305950136493,57.70842714611919,920000,villa,1,2,223,sale,2013.0,False,2.8499518776383383,2,1,70,0,1,24.775096023015163
PROP1195,878 sqm Land in Quatre Bornes,Quatre Bornes,Plaines Wilhems,Central,-20.272905590313503,57.46957466450227,575000,land,0,0,878,rent,0.0,False,7.453695678917582,4,0,60,0,0,1.4626910653411964
PROP1196,Elegant 4 Bedroom Condo in Mahebourg,Mahebourg,Grand Port,East,-20.410053555744952,57.69946010101938,205000,condo,4,2,113,sale,2001.0,True,1.4380171591848598,3,1,45,0,0,22.814836007006917
PROP1197,286 sqm Land in Mahebourg,Mahebourg,Grand Port,East,-20.405424451593937,57.69964489273857,190000,land,0,0,286,sale,0.0,False,3.6493747298368464,4,1,45,0,0,22.603273038231983
PROP1198,Charming 5 Bedroom Apartment in Beau Bassin,Beau Bassin,Plaines Wilhems,Central,-20.218103949175912,57.45824305978876,260000,apartment,5,3,137,rent,1992.0,True,5.144733340906114,0,0,55,0,0,5.5756273599316755
PROP1199,Cozy 3 Bedroom Apartment in Belle Mare,Belle Mare,Flacq,East,-20.18781290476617,57.78247255707252,165000,apartment,3,2,69,rent,1988.0,True,2.276397058103628,0,0,75,0,1,31.607700479047658
PROP1200,Elegant 3 Bedroom House in Belle Mare,Belle Mare,Flacq,East,-20.197556929375352,57.7843315962187,420000,house,3,3,212,rent,1997.0,False,2.507468260164768,1,0,75,0,1,31.92916740969485
PROP1201,Spacious 1 Bedroom Apartment in Vacoas,Vacoas,Plaines Wilhems,Central,-20.29762573372522,57.47622403207448,140000,apartment,1,2,93,sale,2001.0,False,8.039888152871768,0,1,50,0,0,3.7682030676821796
PROP1202,Elegant 4 Bedroom Villa in Mahebourg,Mahebourg,Grand Port,East,-20.398953757693874,57.6959636869356,660000,villa,4,1,266,rent,2010.0,True,3.2175392749020166,2,0,45,0,0,21.9262277666001
PROP1203,Cozy 1 Bedroom Condo in Souillac,Souillac,Savanne,South,-20.532858491338533,57.52047324416378,170000,condo,1,1,119,sale,1986.0,True,13.178362508283218,3,1,40,0,0,24.05293520179645
PROP1204,Modern 4 Bedroom Apartment in Curepipe,Curepipe,Plaines Wilhems,Central,-20.310733919329543,57.5176701312785,245000,apartment,4,1,139,rent,2022.0,True,5.407361476034399,0,0,55,0,0,0.6182532486291201
PROP1205,Beautiful 5 Bedroom Villa in Rose Hill,Rose Hill,Plaines Wilhems,Central,-20.242017375720785,57.47121766981299,1000000,villa,5,3,376,sale,2002.0,False,7.733900947047041,2,1,55,0,0,2.571306913175092
PROP1206,Cozy 1 Bedroom Apartment in Beau Bassin,Beau Bassin,Plaines Wilhems,Central,-20.22585988020668,57.46453278052889,95000,apartment,1,1,59,sale,2011.0,True,6.122778439020685,0,1,55,0,0,4.511104148272397
PROP1207,Modern 4 Bedroom Apartment in Blue Bay,Blue Bay,Grand Port,East,-20.434978568203217,57.70856946766487,280000,apartment,4,5,101,sale,1994.0,False,4.5188333309031865,0,1,70,0,1,25.05765068624095
PROP1208,Elegant 3 Bedroom Apartment in Port Louis,Port Louis,Port Louis,North,-20.16832744978962,57.50778583284169,180000,apartment,3,2,78,sale,1987.0,False,4.527310785422668,0,1,65,0,0,1.2173119348577959
PROP1209,Cozy 4 Bedroom Apartment in Curepipe,Curepipe,Plaines Wilhems,Central,-20.314158003258548,57.51832675549076,215000,apartment,4,3,106,sale,1987.0,False,11.828807807252517,0,1,55,0,0,0.29683805906321276
PROP1210,343 sqm Land in Rose Hill,Rose Hill,Plaines Wilhems,Central,-20.24251145078235,57.4719770114907,245000,land,0,0,343,sale,0.0,False,8.906516954043475,4,1,55,0,0,2.491793737498312
PROP1211,Luxurious 3 Bedroom House in Souillac,Souillac,Savanne,South,-20.52569624966805,57.52710944084507,255000,house,3,4,186,sale,2023.0,True,11.923955462970728,1,1,40,0,0,23.283325437321626
PROP1212,Modern 4 Bedroom Apartment in Trou d'Eau Douce,Trou d'Eau Douce,Flacq,East,-20.2229235866413,57.78960105184977,210000,apartment,4,1,96,sale,2012.0,True,2.8188361517325724,0,1,65,0,0,32.02307938998686
PROP1213,Spacious 5 Bedroom Condo in Souillac,Souillac,Savanne,South,-20.528836874331056,57.52371676388283,300000,condo,5,2,187,sale,2005.0,False,5.6986027281005605,3,1,40,0,0,23.61590898735651
PROP1214,Charming 3 Bedroom Apartment in Beau Bassin,Beau Bassin,Plaines Wilhems,Central,-20.227210545358805,57.45375427840671,220000,apartment,3,1,109,sale,2014.0,True,8.941075542589216,0,1,55,0,0,4.940676951205922
PROP1215,471 sqm Land in Tamarin,Tamarin,Black River,West,-20.33057179906197,57.36672754640229,490000,land,0,0,471,rent,0.0,False,4.616745487665529,4,0,80,0,0,14.509208008875088
PROP1216,434 sqm Land in Quatre Bornes,Quatre Bornes,Plaines Wilhems,Central,-20.254398885349534,57.4868047587408,350000,land,0,0,434,rent,0.0,False,11.685533508341216,4,0,60,0,0,1.3492060909370438
PROP1217,Beautiful 1 Bedroom Apartment in Rose Hill,Rose Hill,Plaines Wilhems,Central,-20.25069420485295,57.47559876582993,125000,apartment,1,1,77,sale,2007.0,False,14.850079819976909,0,1,55,0,0,1.5057611592135536
PROP1218,553 sqm Land in Mahebourg,Mahebourg,Grand Port,East,-20.41371630557468,57.69374813014493,390000,land,0,0,553,rent,0.0,False,2.6568756696933957,4,0,45,0,0,22.44586051031726
PROP1219,347 sqm Land in Tamarin,Tamarin,Black River,West,-20.32968904804342,57.37415486476457,415000,land,0,0,347,sale,0.0,False,2.13227471616994,4,1,80,0,0,13.754529543666925
PROP1220,306 sqm Land in Grand Baie,Grand Baie,Rivière du Rempart,North,-20.01775852824772,57.59118443990588,335000,land,0,0,306,rent,0.0,False,3.982747126421399,4,0,90,0,1,18.997928625680125
PROP1221,Charming 4 Bedroom Condo in Port Louis,Port Louis,Port Louis,North,-20.164070507308296,57.49588535109548,420000,condo,4,1,195,rent,1993.0,False,4.254771951556107,3,0,65,0,0,0.412334895833788
PROP1222,Cozy 4 Bedroom Apartment in Beau Bassin,Beau Bassin,Plaines Wilhems,Central,-20.224108851099352,57.462442837248,205000,apartment,4,5,111,sale,2024.0,True,12.835781753735036,0,1,55,0,0,4.777964502946188
PROP1223,Elegant 5 Bedroom Villa in Flic en Flac,Flic en Flac,Black River,West,-20.26422078873533,57.36571896270619,1155000,villa,5,5,277,sale,2001.0,False,2.3721106144665964,2,1,85,0,1,12.585381811703769
PROP1224,616 sqm Land in Tamarin,Tamarin,Black River,West,-20.333545807343324,57.36723638626891,595000,land,0,0,616,sale,0.0,False,4.589230447767886,4,1,80,0,0,14.632623455935912
PROP1225,Luxurious 3 Bedroom House in Flic en Flac,Flic en Flac,Black River,West,-20.272992887675898,57.3717452637175,400000,house,3,3,146,rent,1985.0,True,4.27620379665763,1,0,85,0,1,11.959985289682775
PROP1226,Cozy 2 Bedroom Villa in Mahebourg,Mahebourg,Grand Port,East,-20.41353335793258,57.70561168950301,530000,villa,2,3,221,sale,2008.0,False,4.978709848380065,2,1,45,0,0,23.59871521187501
PROP1227,Elegant 3 Bedroom Condo in Curepipe,Curepipe,Plaines Wilhems,Central,-20.309427452950512,57.50749343544599,305000,condo,3,1,154,rent,2024.0,False,9.429965717187692,3,0,55,0,0,1.259724869470395
PROP1228,Cozy 1 Bedroom Villa in Trou d'Eau Douce,Trou d'Eau Douce,Flacq,East,-20.23029173617157,57.7871256438109,800000,villa,1,2,276,sale,1991.0,True,2.130938634760388,2,1,65,0,0,31.506085167704637
PROP1229,Cozy 3 Bedroom Condo in Curepipe,Curepipe,Plaines Wilhems,Central,-20.319105709080524,57.52327339861363,185000,condo,3,2,107,sale,2002.0,True,10.325605466636365,3,1,55,0,0,0.8079198446512456
PROP1230,Charming 4 Bedroom Apartment in Tamarin,Tamarin,Black River,West,-20.321722683767018,57.36619957423422,395000,apartment,4,1,140,sale,2011.0,True,1.4794234715139365,0,1,80,0,0,14.08499615322525
PROP1231,Spacious 4 Bedroom Condo in Quatre Bornes,Quatre Bornes,Plaines Wilhems,Central,-20.264842348248383,57.480632816248345,295000,condo,4,3,141,rent,2001.0,True,5.626731950271592,3,0,60,0,0,0.20575506615313352
PROP1232,Luxurious 1 Bedroom House in Curepipe,Curepipe,Plaines Wilhems,Central,-20.316632685550392,57.522585436387935,395000,house,1,2,237,rent,1997.0,True,7.210522934896504,1,0,55,0,0,0.6661171459383703
PROP1233,Modern 2 Bedroom Villa in Port Louis,Port Louis,Port Louis,North,-20.168271538688973,57.50003581774212,720000,villa,2,2,206,sale,1984.0,False,4.382472516590436,2,1,65,0,0,0.7183903124311359
PROP1234,Beautiful 5 Bedroom Villa in Trou d'Eau Douce,Trou d'Eau Douce,Flacq,East,-20.219251218029253,57.77960132599733,665000,villa,5,6,205,sale,2011.0,True,1.7129378578602514,2,1,65,0,0,31.113433413945298
PROP1235,Beautiful 3 Bedroom House in Flic en Flac,Flic en Flac,Black River,West,-20.270715768847413,57.36393720395948,750000,house,3,1,287,sale,2007.0,True,2.960326236079464,1,1,85,0,1,12.806099128505554
PROP1236,461 sqm Land in Flic en Flac,Flic en Flac,Black River,West,-20.26967085017612,57.360841789493165,440000,land,0,0,461,rent,0.0,False,4.688405519626309,4,0,85,0,1,13.142827134029279
PROP1237,Charming 5 Bedroom Villa in Rose Hill,Rose Hill,Plaines Wilhems,Central,-20.251267722218795,57.4775067565724,1190000,villa,5,3,395,rent,2011.0,False,10.51586904176594,2,0,55,0,0,1.4022793516239505
PROP1238,Elegant 3 Bedroom Villa in Quatre Bornes,Quatre Bornes,Plaines Wilhems,Central,-20.272463075561767,57.4816113887408,515000,villa,3,4,158,sale,1997.0,False,12.854934560584006,2,1,60,0,0,1.0011926286274782
PROP1239,489 sqm Land in Beau Bassin,Beau Bassin,Plaines Wilhems,Central,-20.218662168360005,57.4523100560282,330000,land,0,0,489,rent,0.0,False,7.305366503181425,4,0,55,0,0,5.826310532818363
PROP1240,Modern 1 Bedroom House in Quatre Bornes,Quatre Bornes,Plaines Wilhems,Central,-20.273044479344524,57.47289379334991,235000,house,1,1,152,sale,2012.0,False,9.07264436277325,1,1,60,0,0,1.2359310406354136
PROP1241,Beautiful 1 Bedroom House in Trou aux Biches,Trou aux Biches,Pamplemousses,North,-20.03976155414336,57.54210500166846,650000,house,1,1,251,sale,2003.0,False,4.699351852515475,1,1,85,0,1,14.380593904899376
PROP1242,784 sqm Land in Belle Mare,Belle Mare,Flacq,East,-20.193104049447797,57.78961835686829,755000,land,0,0,784,rent,0.0,False,2.7582937549082347,4,0,75,0,1,32.455089483045214
PROP1243,Charming 4 Bedroom House in Beau Bassin,Beau Bassin,Plaines Wilhems,Central,-20.228621362331232,57.47081239570571,230000,house,4,3,133,rent,1996.0,False,5.6671548927693,1,0,55,0,0,4.011726326356097
PROP1244,Modern 5 Bedroom Apartment in Trou aux Biches,Trou aux Biches,Pamplemousses,North,-20.030446533969645,57.543237496674095,230000,apartment,5,4,79,rent,1985.0,True,4.096093281163132,0,0,85,0,1,15.398955766208337
PROP1245,374 sqm Land in Tamarin,Tamarin,Black River,West,-20.327875684983347,57.37081736209065,430000,land,0,0,374,sale,0.0,False,3.4681353676551363,4,1,80,0,0,13.966086465169239
PROP1246,632 sqm Land in Beau Bassin,Beau Bassin,Plaines Wilhems,Central,-20.21829844040515,57.47104578469473,470000,land,0,0,632,sale,0.0,False,8.28146193450478,4,1,55,0,0,5.129187744506679
PROP1247,Spacious 4 Bedroom Condo in Tamarin,Tamarin,Black River,West,-20.31781559353168,57.37049467370901,365000,condo,4,5,113,sale,2004.0,True,2.4583379389418423,3,1,80,0,0,13.463893349226485
PROP1248,935 sqm Land in Vacoas,Vacoas,Plaines Wilhems,Central,-20.30733346030612,57.48055011651624,720000,land,0,0,935,rent,0.0,False,12.271351717337224,4,0,50,0,0,4.120791282479478
PROP1249,Modern 5 Bedroom Villa in Vacoas,Vacoas,Plaines Wilhems,Central,-20.293664336949785,57.486190083696265,1065000,villa,5,5,396,rent,2019.0,False,8.780292215721165,2,0,50,0,0,3.4070815044255314
PROP1250,Elegant 5 Bedroom Apartment in Beau Bassin,Beau Bassin,Plaines Wilhems,Central,-20.220943317987956,57.45773902554594,110000,apartment,5,4,61,sale,2015.0,False,14.38655832083657,0,1,55,0,0,5.315250296476326
PROP1251,Cozy 4 Bedroom Villa in Vacoas,Vacoas,Plaines Wilhems,Central,-20.288961414058797,57.48565928974189,850000,villa,4,2,324,rent,2021.0,True,6.555318837793536,2,0,50,0,0,2.8862583609074557
PROP1252,467 sqm Land in Trou aux Biches,Trou aux Biches,Pamplemousses,North,-20.032909447127324,57.55426886442392,550000,land,0,0,467,sale,0.0,False,3.660720442833549,4,1,85,0,1,15.581282310860985
PROP1253,Cozy 2 Bedroom House in Beau Bassin,Beau Bassin,Plaines Wilhems,Central,-20.22798800878547,57.46203774575798,180000,house,2,2,106,rent,2000.0,False,7.025996785016767,1,0,55,0,0,4.403244552500292
PROP1254,Beautiful 1 Bedroom House in Quatre Bornes,Quatre Bornes,Plaines Wilhems,Central,-20.263269043000943,57.47610575777173,565000,house,1,1,292,sale,2003.0,True,14.288003406026716,1,1,60,0,0,0.3375459054309105
PROP1255,Elegant 2 Bedroom Condo in Rose Hill,Rose Hill,Plaines Wilhems,Central,-20.24487629573518,57.47592674682284,195000,condo,2,1,88,sale,1987.0,False,14.115788927978825,3,1,55,0,0,2.1298586713882552
PROP1256,Elegant 1 Bedroom Apartment in Beau Bassin,Beau Bassin,Plaines Wilhems,Central,-20.2160330687827,57.459274882779866,200000,apartment,1,2,114,rent,2004.0,False,14.717969009010083,0,0,55,0,0,5.740658794994099
PROP1257,Charming 5 Bedroom Villa in Trou d'Eau Douce,Trou d'Eau Douce,Flacq,East,-20.225584367285077,57.780589622654354,1240000,villa,5,5,353,rent,1998.0,False,2.203543124282489,2,0,65,0,0,30.981075114586183
PROP1258,Modern 5 Bedroom Apartment in Curepipe,Curepipe,Plaines Wilhems,Central,-20.31856588004028,57.50769351958588,90000,apartment,5,5,57,rent,2024.0,False,14.70593621476534,0,0,55,0,0,1.0229044890511114
PROP1259,Spacious 5 Bedroom Villa in Grand Baie,Grand Baie,Rivière du Rempart,North,-20.02358631812624,57.58200815739813,670000,villa,5,3,153,sale,2014.0,False,2.2936614917048788,2,1,90,0,1,17.91116321207907
PROP1260,Luxurious 5 Bedroom Condo in Port Louis,Port Louis,Port Louis,North,-20.15780332112844,57.500063530376,385000,condo,5,4,159,rent,2018.0,False,4.153039004359879,3,0,65,0,0,0.4727164170614884
PROP1261,Elegant 1 Bedroom Villa in Beau Bassin,Beau Bassin,Plaines Wilhems,Central,-20.22351269534255,57.457366994247614,625000,villa,1,1,241,rent,1982.0,True,13.00410958203684,2,0,55,0,0,5.0810732924642075
PROP1262,Spacious 5 Bedroom Condo in Belle Mare,Belle Mare,Flacq,East,-20.189166319470395,57.77037502728162,545000,condo,5,1,190,rent,2016.0,True,4.793804193533308,3,0,75,0,1,30.285337032293707
PROP1263,250 sqm Land in Mahebourg,Mahebourg,Grand Port,East,-20.402437863959648,57.69386406833171,145000,land,0,0,250,rent,0.0,False,1.272032494683908,4,0,45,0,0,21.88122791009914
PROP1264,Elegant 2 Bedroom Apartment in Rose Hill,Rose Hill,Plaines Wilhems,Central,-20.232429686237204,57.47252138428181,175000,apartment,2,3,104,rent,2018.0,True,11.497950312682756,0,0,55,0,0,3.5578483027536656
PROP1265,Beautiful 2 Bedroom Apartment in Flic en Flac,Flic en Flac,Black River,West,-20.277575643254,57.35396230612121,350000,apartment,2,1,144,rent,1988.0,True,4.086108232413734,0,0,85,0,1,13.974195002774783
PROP1266,442 sqm Land in Quatre Bornes,Quatre Bornes,Plaines Wilhems,Central,-20.259270764879723,57.47726355392879,305000,land,0,0,442,rent,0.0,False,9.234327144389724,4,0,60,0,0,0.542499426225097
PROP1267,Elegant 2 Bedroom Villa in Souillac,Souillac,Savanne,South,-20.52142664283749,57.51781951580351,560000,villa,2,1,286,rent,1999.0,True,9.948454456468252,2,0,40,0,0,22.780559544040656
PROP1268,Spacious 3 Bedroom Condo in Curepipe,Curepipe,Plaines Wilhems,Central,-20.31200574540574,57.50855648292293,245000,condo,3,4,109,sale,1985.0,True,12.754745711057875,3,1,55,0,0,1.0069232012064546
PROP1269,Charming 2 Bedroom Apartment in Curepipe,Curepipe,Plaines Wilhems,Central,-20.306348555465387,57.51897257387899,165000,apartment,2,3,108,rent,1995.0,False,14.810014350245854,0,0,55,0,0,1.1247760203780117
PROP1270,Elegant 2 Bedroom Villa in Beau Bassin,Beau Bassin,Plaines Wilhems,Central,-20.228633495302955,57.46509727515164,805000,villa,2,1,265,rent,2012.0,False,11.457620022670396,2,0,55,0,0,4.201550668817621
PROP1271,266 sqm Land in Beau Bassin,Beau Bassin,Plaines Wilhems,Central,-20.227776684447534,57.469384346432186,205000,land,0,0,266,rent,0.0,False,10.722740686229088,4,0,55,0,0,4.141465168867375
PROP1272,440 sqm Land in Trou d'Eau Douce,Trou d'Eau Douce,Flacq,East,-20.229040903791915,57.785555443833054,410000,land,0,0,440,rent,0.0,False,2.9473905949180548,4,0,65,0,0,31.382536481169584
PROP1273,Spacious 4 Bedroom House in Flic en Flac,Flic en Flac,Black River,West,-20.27833637330886,57.36923891728416,605000,house,4,4,214,sale,1996.0,False,1.9827079389423945,1,1,85,0,1,12.300865370515357
PROP1274,Luxurious 3 Bedroom Apartment in Quatre Bornes,Quatre Bornes,Plaines Wilhems,Central,-20.25806656393504,57.483813441745575,135000,apartment,3,4,76,sale,2009.0,True,8.272462943333684,0,1,60,0,0,0.8238624753713402
PROP1275,756 sqm Land in Tamarin,Tamarin,Black River,West,-20.32810445214137,57.377276796991104,720000,land,0,0,756,sale,0.0,False,2.264418382330061,4,1,80,0,0,13.367565170109941
PROP1276,Elegant 3 Bedroom Villa in Flic en Flac,Flic en Flac,Black River,West,-20.27197520831517,57.35477290039019,900000,villa,3,2,188,sale,1986.0,True,2.302558397947136,2,1,85,0,1,13.830110793317385
PROP1277,Luxurious 5 Bedroom House in Rose Hill,Rose Hill,Plaines Wilhems,Central,-20.239616792249635,57.47843331524356,320000,house,5,2,221,rent,2002.0,False,9.748018723141506,1,0,55,0,0,2.6853559134235914
PROP1278,Modern 3 Bedroom Condo in Souillac,Souillac,Savanne,South,-20.5138719005077,57.524297849820464,165000,condo,3,3,101,sale,2009.0,False,6.583621175559664,3,1,40,0,0,21.958212109114346
PROP1279,Modern 4 Bedroom House in Port Louis,Port Louis,Port Louis,North,-20.17021030579589,57.50559338517392,250000,house,4,1,117,rent,1992.0,False,3.017534239326661,1,0,65,0,0,1.1844411934248955
PROP1280,Luxurious 5 Bedroom House in Blue Bay,Blue Bay,Grand Port,East,-20.43676509280111,57.723085442258046,300000,house,5,2,118,sale,2008.0,True,1.8944587832057591,1,1,70,0,1,26.540882110595124
PROP1281,Modern 4 Bedroom Condo in Belle Mare,Belle Mare,Flacq,East,-20.189111870564812,57.77743394169572,245000,condo,4,5,82,rent,2011.0,True,2.8486693024026555,3,0,75,0,1,31.06446455648717
PROP1282,Spacious 5 Bedroom Condo in Trou aux Biches,Trou aux Biches,Pamplemousses,North,-20.03264391782297,57.55072700451678,540000,condo,5,6,167,rent,2002.0,True,2.523857925877077,3,0,85,0,1,15.457790486128543
PROP1283,Charming 2 Bedroom Apartment in Flic en Flac,Flic en Flac,Black River,West,-20.26846906738369,57.36748943260641,435000,apartment,2,3,142,rent,2020.0,False,4.642521370978802,0,0,85,0,1,12.399608707975625
PROP1284,Spacious 3 Bedroom Villa in Mahebourg,Mahebourg,Grand Port,East,-20.40366072986256,57.70599544831367,545000,villa,3,1,236,rent,1983.0,True,1.0334513151546592,2,0,45,0,0,23.15621096316658
PROP1285,651 sqm Land in Beau Bassin,Beau Bassin,Plaines Wilhems,Central,-20.229347523019293,57.46047022058705,435000,land,0,0,651,sale,0.0,False,9.780645221184892,4,1,55,0,0,4.347519942125078
PROP1286,Elegant 1 Bedroom Condo in Blue Bay,Blue Bay,Grand Port,East,-20.44859835817238,57.71087338763462,600000,condo,1,1,194,rent,2022.0,True,1.528301428111369,3,0,70,0,1,26.0959735583177
PROP1287,Beautiful 5 Bedroom Condo in Quatre Bornes,Quatre Bornes,Plaines Wilhems,Central,-20.272844831938382,57.47690325253775,380000,condo,5,1,182,rent,2006.0,False,11.800135152604856,3,0,60,0,0,1.0331630772090639
PROP1288,Spacious 5 Bedroom Villa in Vacoas,Vacoas,Plaines Wilhems,Central,-20.293681008959627,57.48413948588693,960000,villa,5,4,345,rent,2010.0,True,9.564629147387794,2,0,50,0,0,3.3636317279298833
PROP1289,Elegant 4 Bedroom Condo in Curepipe,Curepipe,Plaines Wilhems,Central,-20.31250140685443,57.52120277740677,360000,condo,4,2,187,sale,2014.0,True,11.45455247018764,3,1,55,0,0,0.6554185890407858
PROP1290,Luxurious 2 Bedroom Apartment in Curepipe,Curepipe,Plaines Wilhems,Central,-20.325505177053948,57.52175320760635,215000,apartment,2,2,124,sale,2018.0,False,9.242613727415618,0,1,55,0,0,1.180686649161353
PROP1291,Beautiful 1 Bedroom Apartment in Mahebourg,Mahebourg,Grand Port,East,-20.409350969106047,57.69340187219759,175000,apartment,1,1,99,sale,2024.0,True,4.393212474361416,0,1,45,0,0,22.182234295022003
PROP1292,Charming 1 Bedroom House in Port Louis,Port Louis,Port Louis,North,-20.167115623029016,57.50442645526008,230000,house,1,1,121,sale,2015.0,True,1.352758346684201,1,1,65,0,0,0.8434863000217859
PROP1293,Charming 4 Bedroom House in Quatre Bornes,Quatre Bornes,Plaines Wilhems,Central,-20.26450023134207,57.48588636710036,260000,house,4,5,162,rent,1982.0,False,8.586826276860396,1,0,60,0,0,0.7572860794275149
PROP1294,717 sqm Land in Trou aux Biches,Trou aux Biches,Pamplemousses,North,-20.032875005600577,57.54219375680882,835000,land,0,0,717,rent,0.0,False,1.2910023691823258,4,0,85,0,1,15.106524419533221
PROP1295,Luxurious 1 Bedroom Villa in Quatre Bornes,Quatre Bornes,Plaines Wilhems,Central,-20.26837071559768,57.47837056777167,950000,villa,1,1,316,sale,1997.0,True,12.641239522914288,2,1,60,0,0,0.5137694978333294
PROP1296,Charming 5 Bedroom House in Curepipe,Curepipe,Plaines Wilhems,Central,-20.320360508615117,57.508007152170094,150000,house,5,1,108,sale,2015.0,False,6.891573251674393,1,1,55,0,0,1.0597266312980798
PROP1297,Elegant 5 Bedroom Apartment in Trou aux Biches,Trou aux Biches,Pamplemousses,North,-20.02820024738261,57.54686264383564,175000,apartment,5,4,64,sale,2015.0,True,2.7531734947419317,0,1,85,0,1,15.76670470263484
PROP1298,548 sqm Land in Vacoas,Vacoas,Plaines Wilhems,Central,-20.30201689027303,57.479949641052166,355000,land,0,0,548,sale,0.0,False,6.129263090362405,4,1,50,0,0,4.243123046383568
PROP1299,Luxurious 2 Bedroom House in Trou d'Eau Douce,Trou d'Eau Douce,Flacq,East,-20.22968551403177,57.78800198562003,495000,house,2,3,236,rent,2005.0,True,4.371366862819661,1,0,65,0,0,31.619182261248532
PROP1300,903 sqm Land in Beau Bassin,Beau Bassin,Plaines Wilhems,Central,-20.21787666071045,57.45193007489441,655000,land,0,0,903,rent,0.0,False,10.683992526756551,4,0,55,0,0,5.9228230392136085
PROP1301,Charming 2 Bedroom Apartment in Belle Mare,Belle Mare,Flacq,East,-20.189814699853677,57.77935678301883,370000,apartment,2,1,139,rent,2022.0,False,2.1880592111346178,0,0,75,0,1,31.28452592868939
PROP1302,Charming 1 Bedroom House in Quatre Bornes,Quatre Bornes,Plaines Wilhems,Central,-20.26987977640554,57.48682857611156,450000,house,1,2,244,rent,2005.0,False,8.903825156586311,1,0,60,0,0,1.0915007078171364
PROP1303,Beautiful 5 Bedroom Apartment in Beau Bassin,Beau Bassin,Plaines Wilhems,Central,-20.228896310602664,57.46736905060431,215000,apartment,5,5,122,rent,1983.0,True,10.534881545142824,0,0,55,0,0,4.087276701701624
PROP1304,Spacious 4 Bedroom Condo in Blue Bay,Blue Bay,Grand Port,East,-20.44717532647377,57.71370324831555,515000,condo,4,5,194,rent,2003.0,False,4.20945874539154,3,0,70,0,1,26.26838549377043
PROP1305,Charming 2 Bedroom Apartment in Flic en Flac,Flic en Flac,Black River,West,-20.27455342383583,57.35648778884701,380000,apartment,2,1,122,sale,1999.0,True,2.07044651725033,0,1,85,0,1,13.662197470027865
PROP1306,Cozy 4 Bedroom House in Trou aux Biches,Trou aux Biches,Pamplemousses,North,-20.03956249787813,57.53498411907808,715000,house,4,1,296,sale,2018.0,False,4.811680519730682,1,1,85,0,1,14.15784356506351
PROP1307,Beautiful 5 Bedroom Condo in Port Louis,Port Louis,Port Louis,North,-20.167791451840863,57.507003191752325,435000,condo,5,5,162,sale,1984.0,False,1.3779656784845673,3,1,65,0,0,1.1120567081661623
PROP1308,832 sqm Land in Grand Baie,Grand Baie,Rivière du Rempart,North,-20.014775263613465,57.58484835823935,1010000,land,0,0,832,sale,0.0,False,1.646436875853952,4,1,90,0,1,18.91330831894756
PROP1309,240 sqm Land in Rose Hill,Rose Hill,Plaines Wilhems,Central,-20.24927906969652,57.4706461228221,170000,land,0,0,240,sale,0.0,False,14.590418347227835,4,1,55,0,0,1.8650822893524326
PROP1310,Elegant 3 Bedroom House in Flic en Flac,Flic en Flac,Black River,West,-20.27465482383002,57.3721740987738,425000,house,3,3,176,sale,2011.0,True,3.0314075166592453,1,1,85,0,1,11.92977660283922
PROP1311,Charming 5 Bedroom Villa in Port Louis,Port Louis,Port Louis,North,-20.15409458151561,57.50776576331198,1225000,villa,5,1,336,sale,1987.0,False,4.248794593534164,2,1,65,0,0,1.3111459680543782
PROP1312,778 sqm Land in Souillac,Souillac,Savanne,South,-20.53027887970559,57.51735848170962,490000,land,0,0,778,sale,0.0,False,10.121477680605803,4,1,40,0,0,23.76290479208839
PROP1313,Elegant 3 Bedroom House in Souillac,Souillac,Savanne,South,-20.524794884301837,57.522756104719,360000,house,3,4,276,sale,2013.0,True,13.00539772901724,1,1,40,0,0,23.164113231293666
PROP1314,691 sqm Land in Trou d'Eau Douce,Trou d'Eau Douce,Flacq,East,-20.22932808016629,57.792351168265945,520000,land,0,0,691,sale,0.0,False,1.7677656739594974,4,1,65,0,0,32.09137224281025
PROP1315,Elegant 2 Bedroom Villa in Grand Baie,Grand Baie,Rivière du Rempart,North,-20.02236588908128,57.57313931993287,1660000,villa,2,2,356,rent,2002.0,False,4.353876262148635,2,0,90,0,1,17.54405643992526
PROP1316,Beautiful 3 Bedroom Condo in Souillac,Souillac,Savanne,South,-20.5328442245679,57.52115906581788,340000,condo,3,3,197,rent,2002.0,True,5.3679024516068825,3,0,40,0,0,24.052833067656472
PROP1317,Elegant 5 Bedroom House in Flic en Flac,Flic en Flac,Black River,West,-20.28155343598196,57.36951027252636,475000,house,5,6,170,sale,2002.0,False,2.110677745016501,1,1,85,0,1,12.3230462585359
PROP1318,Elegant 2 Bedroom House in Flic en Flac,Flic en Flac,Black River,West,-20.273308167157925,57.36628389288207,810000,house,2,1,294,rent,2014.0,False,2.553268798107489,1,0,85,0,1,12.5669841433964
PROP1319,Beautiful 3 Bedroom Apartment in Flic en Flac,Flic en Flac,Black River,West,-20.26725775620644,57.35713355294369,220000,apartment,3,3,87,sale,1981.0,False,1.3630077577892732,0,1,85,0,1,13.543715062269474
PROP1320,Beautiful 2 Bedroom House in Rose Hill,Rose Hill,Plaines Wilhems,Central,-20.24165498056756,57.476165937380834,205000,house,2,1,123,sale,2005.0,True,8.253683583339987,1,1,55,0,0,2.479578535743999
PROP1321,Spacious 3 Bedroom Apartment in Grand Baie,Grand Baie,Rivière du Rempart,North,-20.01205497602092,57.57557353187549,445000,apartment,3,1,147,rent,1982.0,True,2.971844606968018,0,0,90,0,1,18.683763767636176
PROP1322,Spacious 5 Bedroom Apartment in Curepipe,Curepipe,Plaines Wilhems,Central,-20.31553037780038,57.51597112829288,205000,apartment,5,1,116,sale,2017.0,False,10.215476032175726,0,1,55,0,0,0.10196747309247228
PROP1323,Luxurious 2 Bedroom Apartment in Curepipe,Curepipe,Plaines Wilhems,Central,-20.320785032751637,57.51708056330672,105000,apartment,2,2,59,rent,1990.0,False,5.835773817390369,0,0,55,0,0,0.5117264501928027
PROP1324,Spacious 2 Bedroom House in Quatre Bornes,Quatre Bornes,Plaines Wilhems,Central,-20.27159665135986,57.48709234737695,275000,house,2,2,182,sale,2016.0,False,8.974611791819068,1,1,60,0,0,1.2393555817957116
PROP1325,Beautiful 1 Bedroom Apartment in Vacoas,Vacoas,Plaines Wilhems,Central,-20.296751535556822,57.47618624944736,125000,apartment,1,1,79,rent,2009.0,True,11.91216321632485,0,0,50,0,0,3.671892143265122
PROP1326,Spacious 4 Bedroom Villa in Trou d'Eau Douce,Trou d'Eau Douce,Flacq,East,-20.227406420920456,57.79511390983576,1170000,villa,4,2,366,rent,2016.0,True,4.837309000677122,2,0,65,0,0,32.44814943014876
PROP1327,Luxurious 3 Bedroom House in Grand Baie,Grand Baie,Rivière du Rempart,North,-20.008327487862275,57.57614364772309,375000,house,3,2,128,rent,2010.0,True,4.457477672253346,1,0,90,0,1,19.08138028296816
PROP1328,Spacious 2 Bedroom House in Mahebourg,Mahebourg,Grand Port,East,-20.404506683912217,57.70756848212019,370000,house,2,3,225,sale,2013.0,False,4.672274541212098,1,1,45,0,0,23.35410234159574
PROP1329,Elegant 2 Bedroom Apartment in Curepipe,Curepipe,Plaines Wilhems,Central,-20.307081374803623,57.508797403729744,160000,apartment,2,1,85,rent,1982.0,False,14.45529363154305,0,0,55,0,0,1.3321379752358873
PROP1330,Spacious 3 Bedroom Villa in Blue Bay,Blue Bay,Grand Port,East,-20.43540376442992,57.71239893156649,780000,villa,3,2,191,sale,2017.0,False,4.618365364908685,2,1,70,0,1,25.44461865187577
PROP1331,Elegant 4 Bedroom Villa in Flic en Flac,Flic en Flac,Black River,West,-20.278710399461477,57.36702528829365,1485000,villa,4,3,333,sale,1996.0,False,4.388830602740576,2,1,85,0,1,12.5499041741422
PROP1332,Modern 3 Bedroom Condo in Mahebourg,Mahebourg,Grand Port,East,-20.407698180332638,57.70188571180759,130000,condo,3,4,86,sale,2007.0,False,3.765332064585616,3,1,45,0,0,22.93774432249457
PROP1333,Luxurious 3 Bedroom Condo in Port Louis,Port Louis,Port Louis,North,-20.15781294664265,57.49998694780202,345000,condo,3,1,165,sale,1981.0,True,1.648228238785132,3,1,65,0,0,0.4694323816235745
PROP1334,Modern 5 Bedroom Apartment in Port Louis,Port Louis,Port Louis,North,-20.157483235455334,57.49487840855621,240000,apartment,5,5,99,rent,2006.0,True,4.572415445671924,0,0,65,0,0,0.6630427471759857
PROP1335,Charming 2 Bedroom House in Beau Bassin,Beau Bassin,Plaines Wilhems,Central,-20.21555783268248,57.46764905280131,300000,house,2,2,213,sale,1998.0,True,7.146543108592228,1,1,55,0,0,5.50366487983404
PROP1336,Spacious 3 Bedroom Condo in Flic en Flac,Flic en Flac,Black River,West,-20.27071057803284,57.37093235821574,510000,condo,3,3,193,sale,1997.0,True,3.5978425154817746,3,1,85,0,1,12.03108657401943
PROP1337,Luxurious 2 Bedroom Apartment in Trou d'Eau Douce,Trou d'Eau Douce,Flacq,East,-20.21980696253751,57.79632707781025,375000,apartment,2,2,150,sale,2012.0,False,4.1145918830828805,0,1,65,0,0,32.84153226431263
PROP1338,226 sqm Land in Tamarin,Tamarin,Black River,West,-20.33461841972764,57.379436617857,240000,land,0,0,226,sale,0.0,False,2.0012508090992025,4,1,80,0,0,13.571100915300233
PROP1339,Luxurious 1 Bedroom Condo in Rose Hill,Rose Hill,Plaines Wilhems,Central,-20.24233695681502,57.47537061824313,340000,condo,1,2,152,rent,1994.0,True,8.643001168588617,3,0,55,0,0,2.4180949664212985
PROP1340,Charming 1 Bedroom House in Belle Mare,Belle Mare,Flacq,East,-20.1960972819807,57.78039971653275,620000,house,1,2,284,sale,2020.0,True,3.185518457286904,1,1,75,0,1,31.47619163463168
PROP1341,374 sqm Land in Grand Baie,Grand Baie,Rivière du Rempart,North,-20.01415474219399,57.59030793753927,395000,land,0,0,374,sale,0.0,False,4.567519044072069,4,1,90,0,1,19.28465592600008
PROP1342,Cozy 5 Bedroom House in Rose Hill,Rose Hill,Plaines Wilhems,Central,-20.245435377062684,57.476268131069496,195000,house,5,4,117,sale,1984.0,False,12.633620419405611,1,1,55,0,0,2.062566556602673
PROP1343,Luxurious 1 Bedroom Condo in Rose Hill,Rose Hill,Plaines Wilhems,Central,-20.23521533555397,57.46330834342061,145000,condo,1,2,85,sale,1995.0,True,8.992412803155482,3,1,55,0,0,3.624892687309128
PROP1344,Elegant 3 Bedroom Apartment in Vacoas,Vacoas,Plaines Wilhems,Central,-20.30090871161491,57.4707713782503,125000,apartment,3,1,78,sale,1989.0,False,13.811651362379555,0,1,50,0,0,4.221536522616563
PROP1345,Spacious 2 Bedroom Villa in Tamarin,Tamarin,Black River,West,-20.33195855471286,57.3802151142572,1365000,villa,2,1,395,sale,2023.0,True,4.2948613657416415,2,1,80,0,0,13.331007211123355
PROP1346,Charming 3 Bedroom Condo in Blue Bay,Blue Bay,Grand Port,East,-20.437631757623823,57.71755333012119,300000,condo,3,4,121,sale,2012.0,True,1.254844833136004,3,1,70,0,1,26.062060772632805
PROP1347,Cozy 1 Bedroom Condo in Beau Bassin,Beau Bassin,Plaines Wilhems,Central,-20.229400390265003,57.466402397028176,385000,condo,1,1,200,sale,1998.0,True,12.083864719026463,3,1,55,0,0,4.070178342879123
PROP1348,Beautiful 5 Bedroom House in Blue Bay,Blue Bay,Grand Port,East,-20.44931472363691,57.71770175407068,245000,house,5,5,121,rent,1993.0,False,3.112188898936905,1,0,70,0,1,26.769519337495456
PROP1349,Spacious 3 Bedroom Apartment in Rose Hill,Rose Hill,Plaines Wilhems,Central,-20.250050652284468,57.47619843472021,165000,apartment,3,4,99,rent,2014.0,True,10.617001593436534,0,0,55,0,0,1.5597915096979327
PROP1350,Modern 3 Bedroom Villa in Tamarin,Tamarin,Black River,West,-20.316409868683333,57.3790667264868,1385000,villa,3,3,374,sale,2009.0,True,4.891214030003269,2,1,80,0,0,12.545678494026623
PROP1351,Beautiful 2 Bedroom Apartment in Tamarin,Tamarin,Black River,West,-20.329638464302416,57.374885021725085,370000,apartment,2,2,140,sale,1984.0,True,1.0039875110550938,0,1,80,0,0,13.682957473905912
PROP1352,Spacious 3 Bedroom House in Curepipe,Curepipe,Plaines Wilhems,Central,-20.30947620993478,57.51493081846375,205000,house,3,1,150,sale,1982.0,True,5.782393737363839,1,1,55,0,0,0.7689946683653125
PROP1353,Modern 1 Bedroom Villa in Grand Baie,Grand Baie,Rivière du Rempart,North,-20.0217004203708,57.5905591067868,940000,villa,1,1,211,rent,2022.0,True,4.342448270532493,2,0,90,0,1,18.59285254099376
PROP1354,343 sqm Land in Trou d'Eau Douce,Trou d'Eau Douce,Flacq,East,-20.22575698139543,57.78753870413512,280000,land,0,0,343,sale,0.0,False,2.636445582160337,4,1,65,0,0,31.705556462516427
PROP1355,Modern 2 Bedroom House in Port Louis,Port Louis,Port Louis,North,-20.158316906935426,57.497626114334174,210000,house,2,1,120,sale,2009.0,False,3.3317813454470318,1,1,65,0,0,0.422111569990861
PROP1356,657 sqm Land in Trou d'Eau Douce,Trou d'Eau Douce,Flacq,East,-20.2190007267577,57.78136560457362,645000,land,0,0,657,sale,0.0,False,2.8219082078528435,4,1,65,0,0,31.306826176407757
PROP1357,Luxurious 2 Bedroom House in Flic en Flac,Flic en Flac,Black River,West,-20.269401889418944,57.36690397647324,260000,house,2,3,114,sale,2009.0,False,2.097885595124159,1,1,85,0,1,12.469272267759333
PROP1358,Luxurious 4 Bedroom Apartment in Blue Bay,Blue Bay,Grand Port,East,-20.43452866596101,57.71380508229977,375000,apartment,4,3,138,sale,1988.0,False,4.091428944442992,0,1,70,0,1,25.527953095552114
PROP1359,Luxurious 1 Bedroom House in Port Louis,Port Louis,Port Louis,North,-20.15226059529782,57.48997858289991,255000,house,1,1,126,sale,1994.0,False,3.1129514958933173,1,1,65,0,0,1.4579071715261656
PROP1360,Luxurious 5 Bedroom Condo in Blue Bay,Blue Bay,Grand Port,East,-20.448768360321104,57.71459564820278,235000,condo,5,2,83,sale,2020.0,False,2.168993228302312,3,1,70,0,1,26.44891426938773
PROP1361,Luxurious 2 Bedroom Apartment in Curepipe,Curepipe,Plaines Wilhems,Central,-20.323423938871787,57.51964454184815,145000,apartment,2,3,77,sale,2009.0,True,5.233873818510183,0,1,55,0,0,0.8701616160888315
PROP1362,Luxurious 5 Bedroom Apartment in Tamarin,Tamarin,Black River,West,-20.32655811058651,57.36503485636874,230000,apartment,5,1,88,rent,1987.0,True,1.746685052302484,0,0,80,0,0,14.451090569541048
PROP1363,Charming 3 Bedroom Villa in Beau Bassin,Beau Bassin,Plaines Wilhems,Central,-20.217763289879677,57.45599044783465,575000,villa,3,3,222,rent,1987.0,True,5.448923167420455,2,0,55,0,0,5.717771595254911
PROP1364,Modern 5 Bedroom House in Beau Bassin,Beau Bassin,Plaines Wilhems,Central,-20.21789100971579,57.45831539195628,350000,house,5,3,191,sale,2011.0,False,12.75912043107689,1,1,55,0,0,5.593822198034648
PROP1365,237 sqm Land in Trou aux Biches,Trou aux Biches,Pamplemousses,North,-20.032051959073108,57.54676520986157,305000,land,0,0,237,sale,0.0,False,1.9450447451472568,4,1,85,0,1,15.361209770685972
PROP1366,Modern 1 Bedroom Apartment in Curepipe,Curepipe,Plaines Wilhems,Central,-20.31404328475711,57.52449732535524,180000,apartment,1,1,107,sale,1983.0,True,9.79053624920319,0,1,55,0,0,0.9087041179197147
PROP1367,Luxurious 5 Bedroom House in Quatre Bornes,Quatre Bornes,Plaines Wilhems,Central,-20.25742456380797,57.48399453460637,485000,house,5,2,285,rent,1993.0,False,13.66151863197964,1,0,60,0,0,0.8921711272411603
PROP1368,Beautiful 4 Bedroom Villa in Port Louis,Port Louis,Port Louis,North,-20.15203422817031,57.49985773462264,845000,villa,4,3,250,sale,1984.0,False,1.6480502001885735,2,1,65,0,0,1.1002486039766788
PROP1369,Elegant 1 Bedroom Condo in Blue Bay,Blue Bay,Grand Port,East,-20.445696004137037,57.71378346149661,355000,condo,1,1,129,rent,2015.0,True,3.686634679343786,3,0,70,0,1,26.185305265732804
PROP1370,Elegant 1 Bedroom House in Belle Mare,Belle Mare,Flacq,East,-20.205750891935622,57.78048741389883,655000,house,1,2,287,rent,2002.0,False,1.5673488788844012,1,0,75,0,1,31.63293034504568
PROP1371,859 sqm Land in Belle Mare,Belle Mare,Flacq,East,-20.190543442277352,57.77351882712588,780000,land,0,0,859,rent,0.0,False,2.9179012360801493,4,0,75,0,1,30.64805218861559
PROP1372,Charming 3 Bedroom Condo in Mahebourg,Mahebourg,Grand Port,East,-20.41464435710592,57.69988396502206,195000,condo,3,4,124,sale,1980.0,False,4.435446359333647,3,1,45,0,0,23.093416826347607
PROP1373,Elegant 5 Bedroom Apartment in Blue Bay,Blue Bay,Grand Port,East,-20.431620453483006,57.71590147369752,205000,apartment,5,5,84,rent,1998.0,False,3.797056756359852,0,0,70,0,1,25.56447323301049
PROP1374,679 sqm Land in Mahebourg,Mahebourg,Grand Port,East,-20.41628321877904,57.70492350312174,475000,land,0,0,679,rent,0.0,False,1.2304962527512444,4,0,45,0,0,23.67252749720834
PROP1375,Modern 4 Bedroom Apartment in Trou aux Biches,Trou aux Biches,Pamplemousses,North,-20.02857073188017,57.5522578343255,245000,apartment,4,5,80,rent,1986.0,False,3.611316754998936,0,0,85,0,1,15.940679129772315
PROP1376,Spacious 1 Bedroom Condo in Beau Bassin,Beau Bassin,Plaines Wilhems,Central,-20.21015912045191,57.45301946529858,325000,condo,1,2,150,sale,1984.0,False,5.131789689805947,3,1,55,0,0,6.6206063744938515
PROP1377,Elegant 5 Bedroom Apartment in Blue Bay,Blue Bay,Grand Port,East,-20.43516937743648,57.7204228521558,380000,apartment,5,6,146,sale,1991.0,False,4.555700858273111,0,1,70,0,1,26.19634518621954
PROP1378,850 sqm Land in Blue Bay,Blue Bay,Grand Port,East,-20.44337291533173,57.7235730979048,845000,land,0,0,850,rent,0.0,False,1.5700590694763608,4,0,70,0,1,26.964277015805898
PROP1379,Spacious 1 Bedroom Apartment in Vacoas,Vacoas,Plaines Wilhems,Central,-20.29172816074741,57.487931181509474,245000,apartment,1,1,136,rent,2002.0,True,14.727641536799958,0,0,50,0,0,3.251318523989121
PROP1380,Luxurious 3 Bedroom Villa in Trou d'Eau Douce,Trou d'Eau Douce,Flacq,East,-20.216832400341925,57.79088277508875,950000,villa,3,3,309,rent,1999.0,False,4.998692883953789,2,0,65,0,0,32.3817575065034
PROP1381,Elegant 5 Bedroom House in Trou aux Biches,Trou aux Biches,Pamplemousses,North,-20.031604311544758,57.54130722131319,790000,house,5,4,279,sale,1991.0,False,2.1980856716142947,1,1,85,0,1,15.209567711314978
PROP1382,Beautiful 4 Bedroom House in Beau Bassin,Beau Bassin,Plaines Wilhems,Central,-20.21029609108941,57.47056159906576,345000,house,4,5,203,rent,1999.0,False,13.407758661909243,1,0,55,0,0,6.0140825985539035
PROP1383,Modern 2 Bedroom House in Vacoas,Vacoas,Plaines Wilhems,Central,-20.28974900771946,57.48182648842855,155000,house,2,2,103,sale,2012.0,False,13.539724209893905,1,1,50,0,0,2.8961955719697423
PROP1384,Luxurious 3 Bedroom Villa in Mahebourg,Mahebourg,Grand Port,East,-20.411491938340053,57.693983978409264,710000,villa,3,1,261,rent,2004.0,True,4.155771641361632,2,0,45,0,0,22.350899282020105
PROP1385,Elegant 5 Bedroom Condo in Tamarin,Tamarin,Black River,West,-20.325545364082966,57.36586524152658,295000,condo,5,3,114,rent,1991.0,False,3.531575254825812,3,0,80,0,0,14.316246467273292
PROP1386,Spacious 3 Bedroom House in Trou d'Eau Douce,Trou d'Eau Douce,Flacq,East,-20.23351743703193,57.78752657470742,530000,house,3,2,290,rent,1998.0,False,4.659014293665468,1,0,65,0,0,31.442131856278834
PROP1387,Luxurious 5 Bedroom House in Trou d'Eau Douce,Trou d'Eau Douce,Flacq,East,-20.231327486038367,57.79100405023054,250000,house,5,4,118,sale,2020.0,True,1.3131202213629227,1,1,65,0,0,31.88250169429069
PROP1388,620 sqm Land in Tamarin,Tamarin,Black River,West,-20.329157558268715,57.36986873326596,550000,land,0,0,620,rent,0.0,False,4.25031052670932,4,0,80,0,0,14.129336479813
PROP1389,Modern 2 Bedroom Apartment in Blue Bay,Blue Bay,Grand Port,East,-20.437750801956103,57.719581656204426,145000,apartment,2,1,50,sale,2015.0,False,4.892250249886745,0,1,70,0,1,26.261800143134224
PROP1390,Elegant 5 Bedroom Villa in Trou d'Eau Douce,Trou d'Eau Douce,Flacq,East,-20.223181361644755,57.79325069882066,1140000,villa,5,1,389,rent,1985.0,False,1.436402594295482,2,0,65,0,0,32.397566071325976
PROP1391,Cozy 3 Bedroom Apartment in Curepipe,Curepipe,Plaines Wilhems,Central,-20.32117880533712,57.50876934914158,270000,apartment,3,3,148,rent,1991.0,True,10.838880352194522,0,0,55,0,0,1.0300153802522554
PROP1392,Elegant 2 Bedroom Apartment in Flic en Flac,Flic en Flac,Black River,West,-20.276428055247354,57.3655035106998,315000,apartment,2,2,108,rent,2010.0,True,2.8246276597052278,0,0,85,0,1,12.686882485839442
PROP1393,376 sqm Land in Beau Bassin,Beau Bassin,Plaines Wilhems,Central,-20.213209858032744,57.458106149268666,310000,land,0,0,376,sale,0.0,False,7.773381774069266,4,1,55,0,0,6.079826005099835
PROP1394,672 sqm Land in Belle Mare,Belle Mare,Flacq,East,-20.189566814479484,57.7764296097646,635000,land,0,0,672,rent,0.0,False,4.963779001579467,4,0,75,0,1,30.958482439964097
PROP1395,Cozy 3 Bedroom Villa in Flic en Flac,Flic en Flac,Black River,West,-20.27140019196897,57.35526470040085,815000,villa,3,1,176,sale,1987.0,True,2.096645308003817,2,1,85,0,1,13.771581872537077
PROP1396,Beautiful 4 Bedroom Villa in Tamarin,Tamarin,Black River,West,-20.33447609444173,57.3787769506238,1045000,villa,4,5,304,sale,2021.0,False,1.6641299697341694,2,1,80,0,0,13.62175093093425
PROP1397,Charming 4 Bedroom Villa in Flic en Flac,Flic en Flac,Black River,West,-20.263328114274312,57.35735514155744,970000,villa,4,1,269,rent,2011.0,True,3.068953210801215,2,0,85,0,1,13.513780798427563
PROP1398,543 sqm Land in Belle Mare,Belle Mare,Flacq,East,-20.201900630598384,57.77087416905792,510000,land,0,0,543,sale,0.0,False,3.5998949283393813,4,1,75,0,1,30.51389779595227
PROP1399,Charming 3 Bedroom Villa in Flic en Flac,Flic en Flac,Black River,West,-20.271007430950355,57.36542001073261,1275000,villa,3,3,265,rent,2013.0,True,1.4892080904767924,2,0,85,0,1,12.643814581941292
PROP1400,Luxurious 1 Bedroom House in Rose Hill,Rose Hill,Plaines Wilhems,Central,-20.23794318840615,57.46509820685223,185000,house,1,1,119,rent,1989.0,False,9.391292981637246,1,0,55,0,0,3.263900060394033
PROP1401,618 sqm Land in Trou aux Biches,Trou aux Biches,Pamplemousses,North,-20.03604650069425,57.54917984969254,615000,land,0,0,618,rent,0.0,False,1.0903634962621114,4,0,85,0,1,15.043332720547241
PROP1402,Luxurious 5 Bedroom Villa in Souillac,Souillac,Savanne,South,-20.517766450152585,57.52357515140702,915000,villa,5,6,379,rent,2019.0,True,6.753097156949978,2,0,40,0,0,22.387268170956553
PROP1403,Luxurious 5 Bedroom House in Rose Hill,Rose Hill,Plaines Wilhems,Central,-20.249710423760227,57.47166581774474,230000,house,5,4,164,rent,1996.0,True,13.61686904627864,1,0,55,0,0,1.768293840991497
PROP1404,Modern 5 Bedroom Condo in Blue Bay,Blue Bay,Grand Port,East,-20.434292899543205,57.705424536208014,490000,condo,5,4,188,sale,2021.0,True,1.2150778115172385,3,1,70,0,1,24.721032860414127
PROP1405,Beautiful 5 Bedroom Villa in Flic en Flac,Flic en Flac,Black River,West,-20.27875486501521,57.3633678407747,750000,villa,5,6,202,sale,1996.0,False,1.3176982360102911,2,1,85,0,1,12.953077294328844
PROP1406,Modern 2 Bedroom House in Tamarin,Tamarin,Black River,West,-20.33299565279037,57.378097577524734,285000,house,2,2,129,rent,2017.0,True,4.981436151192543,1,0,80,0,0,13.589921667423758
PROP1407,Elegant 3 Bedroom House in Quatre Bornes,Quatre Bornes,Plaines Wilhems,Central,-20.26832474951913,57.48253286393391,365000,house,3,3,223,rent,1987.0,True,10.75730111257302,1,0,60,0,0,0.6304361554259409
PROP1408,Beautiful 2 Bedroom Condo in Blue Bay,Blue Bay,Grand Port,East,-20.447002825629887,57.72144550556189,345000,condo,2,3,134,rent,1994.0,False,3.7222336237283695,3,0,70,0,1,26.97803800259977
PROP1409,Beautiful 2 Bedroom House in Beau Bassin,Beau Bassin,Plaines Wilhems,Central,-20.22428662243505,57.45924789564285,295000,house,2,2,181,rent,1981.0,False,11.596847672002683,1,0,55,0,0,4.908425841174227
PROP1410,Spacious 4 Bedroom Villa in Mahebourg,Mahebourg,Grand Port,East,-20.41022337541577,57.69782007532811,730000,villa,4,5,301,rent,1981.0,True,1.5422081400197558,2,0,45,0,0,22.66170705161764
PROP1411,Charming 3 Bedroom House in Port Louis,Port Louis,Port Louis,North,-20.15524407519688,57.50851766550567,510000,house,3,1,289,sale,1992.0,True,3.1193160800752366,1,1,65,0,0,1.2982769203504232
PROP1412,Cozy 4 Bedroom House in Mahebourg,Mahebourg,Grand Port,East,-20.417266987579744,57.70020669731684,395000,house,4,3,263,rent,2008.0,False,2.0529518011124903,1,0,45,0,0,23.2639569931849
PROP1413,Charming 4 Bedroom House in Flic en Flac,Flic en Flac,Black River,West,-20.28097136741408,57.36491851415559,605000,house,4,2,220,rent,2011.0,False,1.7508381959984485,1,0,85,0,1,12.816663712198059
PROP1414,Spacious 4 Bedroom Villa in Rose Hill,Rose Hill,Plaines Wilhems,Central,-20.233491929535678,57.470269449704944,610000,villa,4,5,230,rent,2016.0,False,14.321000396026935,2,0,55,0,0,3.504081632092954
PROP1415,Elegant 5 Bedroom Condo in Quatre Bornes,Quatre Bornes,Plaines Wilhems,Central,-20.267703620717104,57.47133258609047,170000,condo,5,1,92,sale,2012.0,False,9.926431337624118,3,1,60,0,0,0.9649403945571774
PROP1416,Beautiful 2 Bedroom Apartment in Curepipe,Curepipe,Plaines Wilhems,Central,-20.310961851661634,57.524324307588806,105000,apartment,2,3,62,sale,1997.0,True,11.682709977262352,0,1,55,0,0,1.0359525144801933
PROP1417,511 sqm Land in Tamarin,Tamarin,Black River,West,-20.3257789103585,57.36480831155285,510000,land,0,0,511,rent,0.0,False,1.541971978608161,4,0,80,0,0,14.431697080525968
PROP1418,895 sqm Land in Port Louis,Port Louis,Port Louis,North,-20.16125473758755,57.49608613970224,785000,land,0,0,895,rent,0.0,False,3.2250373803392893,4,0,65,0,0,0.3204455490747673
PROP1419,417 sqm Land in Flic en Flac,Flic en Flac,Black River,West,-20.27882457787689,57.357972015966354,465000,land,0,0,417,rent,0.0,False,4.153561399964307,4,0,85,0,1,13.548242973527255
PROP1420,893 sqm Land in Mahebourg,Mahebourg,Grand Port,East,-20.413860903266286,57.70228010960273,605000,land,0,0,893,rent,0.0,False,3.818913021729838,4,0,45,0,0,23.287460100724175
PROP1421,Elegant 1 Bedroom Apartment in Flic en Flac,Flic en Flac,Black River,West,-20.27749361568002,57.3624486470008,255000,apartment,1,2,94,rent,1991.0,False,2.429006324221361,0,0,85,0,1,13.03721025764085
PROP1422,Modern 4 Bedroom House in Trou aux Biches,Trou aux Biches,Pamplemousses,North,-20.035756658586195,57.54342219443074,560000,house,4,3,205,rent,1993.0,False,2.121773116120814,1,0,85,0,1,14.848451529017767
PROP1423,Cozy 3 Bedroom House in Vacoas,Vacoas,Plaines Wilhems,Central,-20.288986431543552,57.47211683691354,400000,house,3,2,280,rent,2023.0,False,13.037307182850707,1,0,50,0,0,2.901160563666086
PROP1424,Charming 2 Bedroom Villa in Tamarin,Tamarin,Black River,West,-20.318444378682003,57.36664843002941,1335000,villa,2,2,302,sale,2018.0,True,2.5756827264084494,2,1,80,0,0,13.877825199784077
PROP1425,Charming 3 Bedroom Villa in Rose Hill,Rose Hill,Plaines Wilhems,Central,-20.24903516926998,57.46352381607748,490000,villa,3,1,175,rent,2020.0,True,14.015457339689773,2,0,55,0,0,2.3822827449501296
PROP1426,Beautiful 3 Bedroom Apartment in Vacoas,Vacoas,Plaines Wilhems,Central,-20.294853350766022,57.47254847802118,220000,apartment,3,3,150,sale,2001.0,True,7.84688962614024,0,1,50,0,0,3.5227997689855965
PROP1427,Beautiful 5 Bedroom Villa in Blue Bay,Blue Bay,Grand Port,East,-20.442444023915595,57.70987636129667,855000,villa,5,3,226,rent,2013.0,True,4.569510455071635,2,0,70,0,1,25.624730553950826
PROP1428,Charming 4 Bedroom Condo in Flic en Flac,Flic en Flac,Black River,West,-20.27593282710772,57.36464533333376,305000,condo,4,4,99,sale,2002.0,False,2.9080584787697443,3,1,85,0,1,12.775649730983803
PROP1429,Beautiful 1 Bedroom Apartment in Port Louis,Port Louis,Port Louis,North,-20.164575660317485,57.504366897347474,185000,apartment,1,2,89,rent,1995.0,True,4.610106081759486,0,0,65,0,0,0.675607358567872
PROP1430,Cozy 2 Bedroom Apartment in Mahebourg,Mahebourg,Grand Port,East,-20.409068161584987,57.696935652465655,85000,apartment,2,1,58,sale,1991.0,True,1.9366657214159315,0,1,45,0,0,22.51561686997075
PROP1431,Cozy 4 Bedroom House in Trou aux Biches,Trou aux Biches,Pamplemousses,North,-20.02900899550909,57.541570586556425,510000,house,4,4,209,rent,2000.0,False,2.654596938724916,1,0,85,0,1,15.492672866494992
PROP1432,551 sqm Land in Curepipe,Curepipe,Plaines Wilhems,Central,-20.31236400242808,57.52473640330463,350000,land,0,0,551,sale,0.0,False,7.857437139625518,4,1,55,0,0,0.9984814714251573
PROP1433,Luxurious 1 Bedroom Villa in Trou d'Eau Douce,Trou d'Eau Douce,Flacq,East,-20.22592441645457,57.77876836922584,690000,villa,1,2,204,sale,2015.0,False,2.469311392219966,2,1,65,0,0,30.777626918869068
PROP1434,Elegant 3 Bedroom Apartment in Flic en Flac,Flic en Flac,Black River,West,-20.271185104399397,57.36587977589446,320000,apartment,3,1,115,rent,2001.0,True,3.104437421430843,0,0,85,0,1,12.594151625783143
PROP1435,Charming 3 Bedroom Condo in Trou d'Eau Douce,Trou d'Eau Douce,Flacq,East,-20.227508203623334,57.78787066190053,410000,condo,3,3,155,sale,2004.0,True,1.4751678934227803,3,1,65,0,0,31.67956466236875
PROP1436,Charming 5 Bedroom Condo in Mahebourg,Mahebourg,Grand Port,East,-20.416615505300445,57.69415896633908,240000,condo,5,4,128,rent,2011.0,False,4.809738374232333,3,0,45,0,0,22.642492807115968
PROP1437,Cozy 5 Bedroom House in Trou aux Biches,Trou aux Biches,Pamplemousses,North,-20.03368395449691,57.55243633227357,350000,house,5,1,155,sale,2013.0,False,1.906409406361011,1,1,85,0,1,15.42280719225768
PROP1438,Elegant 5 Bedroom Condo in Port Louis,Port Louis,Port Louis,North,-20.154723757506176,57.4976882240979,245000,condo,5,5,114,sale,2000.0,True,1.1967856205474834,3,1,65,0,0,0.8078394934363152
PROP1439,Charming 1 Bedroom Condo in Trou d'Eau Douce,Trou d'Eau Douce,Flacq,East,-20.21663775128177,57.79002677830058,455000,condo,1,1,165,sale,2015.0,True,4.615461836456641,3,1,65,0,0,32.29982598424002
PROP1440,Spacious 2 Bedroom House in Vacoas,Vacoas,Plaines Wilhems,Central,-20.295706955399684,57.47489709494871,420000,house,2,2,276,rent,2010.0,False,13.76482522744475,1,0,50,0,0,3.572265963164609
PROP1441,Charming 2 Bedroom Apartment in Trou aux Biches,Trou aux Biches,Pamplemousses,North,-20.03981031219208,57.55014975905303,325000,apartment,2,1,135,rent,1994.0,False,4.281714805382027,0,0,85,0,1,14.697519041969699
PROP1442,736 sqm Land in Tamarin,Tamarin,Black River,West,-20.326544655647577,57.37163121964278,710000,land,0,0,736,sale,0.0,False,3.695031161335173,4,1,80,0,0,13.813338154718661
PROP1443,Luxurious 4 Bedroom House in Tamarin,Tamarin,Black River,West,-20.32587801990974,57.38025561962736,435000,house,4,3,175,sale,1989.0,False,1.2257545784664885,1,1,80,0,0,12.956078666246343
PROP1444,791 sqm Land in Vacoas,Vacoas,Plaines Wilhems,Central,-20.297403994763705,57.47653186020241,580000,land,0,0,791,sale,0.0,False,11.537685246630945,4,1,50,0,0,3.740920356669933
PROP1445,317 sqm Land in Rose Hill,Rose Hill,Plaines Wilhems,Central,-20.24895146239866,57.48006036138591,230000,land,0,0,317,rent,0.0,False,10.327945619406371,4,0,55,0,0,1.6516313729662693
PROP1446,Luxurious 1 Bedroom Villa in Trou aux Biches,Trou aux Biches,Pamplemousses,North,-20.027925652371923,57.53880921785628,1550000,villa,1,1,343,sale,1992.0,True,3.0533612607011444,2,1,85,0,1,15.516939087856361
PROP1447,Modern 1 Bedroom House in Souillac,Souillac,Savanne,South,-20.51761232576295,57.52029598159887,405000,house,1,1,298,sale,1987.0,False,12.503050402140865,1,1,40,0,0,22.360531989549106
PROP1448,Beautiful 2 Bedroom Villa in Flic en Flac,Flic en Flac,Black River,West,-20.26990116498204,57.36548339003873,680000,villa,2,1,175,sale,2018.0,False,3.93049127352706,2,1,85,0,1,12.629614082958293
PROP1449,Beautiful 5 Bedroom Condo in Souillac,Souillac,Savanne,South,-20.52976234785756,57.514901023697206,175000,condo,5,6,122,sale,2019.0,False,9.368612935486954,3,1,40,0,0,23.706170741383154
PROP1450,Cozy 4 Bedroom Villa in Quatre Bornes,Quatre Bornes,Plaines Wilhems,Central,-20.254046040677203,57.47966375931849,900000,villa,4,5,352,rent,1987.0,False,14.055562774944589,2,0,60,0,0,1.0844963979098257
PROP1451,613 sqm Land in Flic en Flac,Flic en Flac,Black River,West,-20.270983252480782,57.3606025308514,670000,land,0,0,613,rent,0.0,False,4.840291183902557,4,0,85,0,1,13.177364105111824
PROP1452,815 sqm Land in Quatre Bornes,Quatre Bornes,Plaines Wilhems,Central,-20.27153401809606,57.48038472909303,540000,land,0,0,815,sale,0.0,False,14.46532059495702,4,1,60,0,0,0.8702397504810587
PROP1453,Luxurious 2 Bedroom Villa in Rose Hill,Rose Hill,Plaines Wilhems,Central,-20.25086577183905,57.463842179185846,750000,villa,2,3,286,rent,2012.0,True,10.11009004491887,2,0,55,0,0,2.220264591905353
PROP1454,Elegant 2 Bedroom House in Rose Hill,Rose Hill,Plaines Wilhems,Central,-20.24609057094311,57.46325120950238,360000,house,2,1,194,rent,2016.0,False,14.841667545974696,1,0,55,0,0,2.63799162872485
PROP1455,Luxurious 3 Bedroom Apartment in Grand Baie,Grand Baie,Rivière du Rempart,North,-20.01931970442567,57.577853593898695,245000,apartment,3,1,80,sale,2002.0,False,2.082612326322589,0,1,90,0,1,18.09089246924718
PROP1456,Modern 3 Bedroom Condo in Tamarin,Tamarin,Black River,West,-20.322636782098037,57.37170077256201,340000,condo,3,4,126,rent,1990.0,False,3.884922657103032,3,0,80,0,0,13.593018930993953
PROP1457,944 sqm Land in Mahebourg,Mahebourg,Grand Port,East,-20.4102825848493,57.69269539100938,560000,land,0,0,944,rent,0.0,False,2.133715707179727,4,0,45,0,0,22.161427152638915
PROP1458,407 sqm Land in Rose Hill,Rose Hill,Plaines Wilhems,Central,-20.236807088008305,57.47680428737483,330000,land,0,0,407,sale,0.0,False,8.192779849527765,4,1,55,0,0,3.007029938118108
PROP1459,921 sqm Land in Souillac,Souillac,Savanne,South,-20.515573999612204,57.51523073983935,490000,land,0,0,921,rent,0.0,False,11.793846392345264,4,0,40,0,0,22.131035861748124
PROP1460,Beautiful 2 Bedroom Villa in Trou aux Biches,Trou aux Biches,Pamplemousses,North,-20.024118243526196,57.53793327335119,1710000,villa,2,2,396,rent,2023.0,True,1.7098258263228665,2,0,85,0,1,15.89565300280537
PROP1461,Luxurious 3 Bedroom Villa in Flic en Flac,Flic en Flac,Black River,West,-20.26834742885974,57.36848010748482,955000,villa,3,3,224,sale,1981.0,False,4.738769258602585,2,1,85,0,1,12.289178772593537
PROP1462,Charming 3 Bedroom Condo in Trou aux Biches,Trou aux Biches,Pamplemousses,North,-20.03897212237159,57.54882248961836,435000,condo,3,2,135,sale,2009.0,True,3.931891860851816,3,1,85,0,1,14.727285768764373
PROP1463,Spacious 4 Bedroom Apartment in Blue Bay,Blue Bay,Grand Port,East,-20.43248548345848,57.70564767543655,180000,apartment,4,2,64,rent,2013.0,True,1.2487237169514822,0,0,70,0,1,24.636333661307333
PROP1464,Beautiful 4 Bedroom House in Grand Baie,Grand Baie,Rivière du Rempart,North,-20.010159558034168,57.57435399642226,545000,house,4,4,230,sale,1996.0,False,4.356504876655542,1,1,90,0,1,18.81064155348047
PROP1465,Luxurious 2 Bedroom Villa in Curepipe,Curepipe,Plaines Wilhems,Central,-20.30750442936421,57.50837543312326,605000,villa,2,3,243,rent,2022.0,True,14.090294412808245,2,0,55,0,0,1.3285566258268373
PROP1466,Modern 3 Bedroom Villa in Vacoas,Vacoas,Plaines Wilhems,Central,-20.30265799271754,57.47273184484944,830000,villa,3,3,355,rent,2014.0,True,11.997190925774849,2,0,50,0,0,4.370774932786098
PROP1467,Elegant 2 Bedroom Apartment in Vacoas,Vacoas,Plaines Wilhems,Central,-20.290964337249267,57.47474124358278,175000,apartment,2,1,109,rent,2016.0,True,13.385450322112291,0,0,50,0,0,3.053811487397094
PROP1468,Elegant 4 Bedroom Condo in Blue Bay,Blue Bay,Grand Port,East,-20.430311022648585,57.709582694748654,495000,condo,4,4,187,rent,2023.0,False,2.679851007778398,3,0,70,0,1,24.885706377401345
PROP1469,Beautiful 3 Bedroom House in Souillac,Souillac,Savanne,South,-20.52903164072145,57.52092850176135,175000,house,3,4,152,sale,1999.0,False,12.11575216141942,1,1,40,0,0,23.629197373370715
PROP1470,Charming 2 Bedroom Condo in Flic en Flac,Flic en Flac,Black River,West,-20.27706423293196,57.37082138066476,590000,condo,2,1,196,sale,1985.0,False,4.706762607118557,3,1,85,0,1,12.108771834255373
PROP1471,824 sqm Land in Mahebourg,Mahebourg,Grand Port,East,-20.413500833511254,57.70200570985438,525000,land,0,0,824,rent,0.0,False,4.5093336397009125,4,0,45,0,0,23.24190761396588
PROP1472,782 sqm Land in Souillac,Souillac,Savanne,South,-20.531080314809085,57.51957096463626,380000,land,0,0,782,sale,0.0,False,5.345287061906037,4,1,40,0,0,23.85399460634738
PROP1473,947 sqm Land in Trou aux Biches,Trou aux Biches,Pamplemousses,North,-20.027631372231664,57.55300340371757,1010000,land,0,0,947,rent,0.0,False,2.421242385955163,4,0,85,0,1,16.06827760729295
PROP1474,Spacious 4 Bedroom House in Port Louis,Port Louis,Port Louis,North,-20.15464942573609,57.4904531314809,580000,house,4,5,300,rent,2022.0,False,3.497172621773568,1,0,65,0,0,1.2356469691703247
PROP1475,422 sqm Land in Trou aux Biches,Trou aux Biches,Pamplemousses,North,-20.042585514868723,57.547976819592414,425000,land,0,0,422,rent,0.0,False,4.388697287292665,4,0,85,0,1,14.320497382027744
PROP1476,Modern 5 Bedroom Condo in Port Louis,Port Louis,Port Louis,North,-20.15517016805392,57.501067625583865,330000,condo,5,6,124,sale,1980.0,True,3.652271642037961,3,1,65,0,0,0.7848040583179172
PROP1477,899 sqm Land in Trou d'Eau Douce,Trou d'Eau Douce,Flacq,East,-20.222534476871267,57.7960614173821,850000,land,0,0,899,rent,0.0,False,1.9803992203201368,4,0,65,0,0,32.716186402778604
PROP1478,Luxurious 3 Bedroom Villa in Grand Baie,Grand Baie,Rivière du Rempart,North,-20.02083259952348,57.58680475995381,1540000,villa,3,1,392,rent,2013.0,True,2.8280357428242846,2,0,90,0,1,18.449808928850395
PROP1479,Modern 4 Bedroom Apartment in Trou aux Biches,Trou aux Biches,Pamplemousses,North,-20.0398004905378,57.540971499133306,275000,apartment,4,2,113,rent,2012.0,False,2.306383598789466,0,0,85,0,1,14.335039229249666
PROP1480,Charming 2 Bedroom House in Belle Mare,Belle Mare,Flacq,East,-20.193868506987,57.78047576426356,330000,house,2,1,160,rent,2014.0,False,2.4068895721455115,1,0,75,0,1,31.455703318770954
PROP1481,Luxurious 4 Bedroom Apartment in Grand Baie,Grand Baie,Rivière du Rempart,North,-20.02660300745612,57.58177811256176,370000,apartment,4,3,137,sale,1990.0,False,2.074552267925705,0,1,90,0,1,17.611631535180837
PROP1482,358 sqm Land in Curepipe,Curepipe,Plaines Wilhems,Central,-20.30636581766712,57.510170162234985,265000,land,0,0,358,sale,0.0,False,8.743777488290856,4,1,55,0,0,1.3042096418569533
PROP1483,286 sqm Land in Rose Hill,Rose Hill,Plaines Wilhems,Central,-20.237001998869097,57.47550851594298,235000,land,0,0,286,sale,0.0,False,11.923233807620337,4,1,55,0,0,3.00117320708039
PROP1484,Modern 2 Bedroom Villa in Beau Bassin,Beau Bassin,Plaines Wilhems,Central,-20.224655139752866,57.46296739861334,495000,villa,2,3,177,sale,1990.0,False,10.220479375106065,2,1,55,0,0,4.6996158787439075
PROP1485,Spacious 3 Bedroom Apartment in Flic en Flac,Flic en Flac,Black River,West,-20.2752614586784,57.35991190954072,230000,apartment,3,2,89,sale,2014.0,True,2.6299738487371345,0,1,85,0,1,13.290907477516358
PROP1486,Charming 1 Bedroom House in Mahebourg,Mahebourg,Grand Port,East,-20.413281324472056,57.6928517982953,315000,house,1,1,207,sale,2013.0,True,4.709472049181997,1,1,45,0,0,22.335417673086805
PROP1487,Cozy 1 Bedroom Apartment in Tamarin,Tamarin,Black River,West,-20.33105189421593,57.375515230917856,180000,apartment,1,2,73,rent,2002.0,False,1.9829355371057007,0,0,80,0,0,13.708667020921679
PROP1488,Modern 5 Bedroom House in Trou aux Biches,Trou aux Biches,Pamplemousses,North,-20.02507189132352,57.553912933846185,795000,house,5,6,288,rent,2024.0,False,3.496177562562221,1,0,85,0,1,16.36952877376044
PROP1489,Cozy 2 Bedroom Apartment in Mahebourg,Mahebourg,Grand Port,East,-20.402125323216588,57.70152161220097,105000,apartment,2,3,68,rent,1995.0,True,3.552149486957034,0,0,45,0,0,22.633976175998374
PROP1490,Charming 4 Bedroom Apartment in Vacoas,Vacoas,Plaines Wilhems,Central,-20.290821791977137,57.48465991155181,205000,apartment,4,1,135,rent,1983.0,False,5.468222085912052,0,0,50,0,0,3.0622521355844774
PROP1491,Spacious 5 Bedroom Villa in Flic en Flac,Flic en Flac,Black River,West,-20.282246301420848,57.35387820126253,1020000,villa,5,1,286,sale,1986.0,True,1.0743016834137964,2,1,85,0,1,14.04962079629347
PROP1492,Spacious 1 Bedroom Apartment in Trou d'Eau Douce,Trou d'Eau Douce,Flacq,East,-20.23171195756082,57.79236520124249,220000,apartment,1,1,105,rent,2018.0,True,4.056659759347491,0,0,65,0,0,32.01434658436468
PROP1493,Elegant 4 Bedroom Villa in Souillac,Souillac,Savanne,South,-20.520881213604643,57.52488982976341,580000,villa,4,2,271,rent,2012.0,False,13.78406147708989,2,0,40,0,0,22.73824108052891
PROP1494,671 sqm Land in Trou aux Biches,Trou aux Biches,Pamplemousses,North,-20.03419713305166,57.5440004927175,755000,land,0,0,671,sale,0.0,False,3.870604504472169,4,1,85,0,1,15.033054468516122
PROP1495,Spacious 1 Bedroom House in Blue Bay,Blue Bay,Grand Port,East,-20.43508258719717,57.70544179768584,645000,house,1,1,299,rent,2008.0,False,1.9507128702549568,1,0,70,0,1,24.769244992661427
PROP1496,Beautiful 1 Bedroom House in Vacoas,Vacoas,Plaines Wilhems,Central,-20.294673500601014,57.4762767872648,395000,house,1,1,238,sale,2015.0,False,11.80197575388359,1,1,50,0,0,3.441257026134636
PROP1497,Luxurious 3 Bedroom Apartment in Port Louis,Port Louis,Port Louis,North,-20.162267600542773,57.4977219858401,285000,apartment,3,1,124,sale,1999.0,False,2.0448394970348875,0,1,65,0,0,0.13697811611169455
PROP1498,Charming 4 Bedroom House in Souillac,Souillac,Savanne,South,-20.52670414907658,57.514067395461375,255000,house,4,2,180,sale,1989.0,True,14.9380846565328,1,1,40,0,0,23.367651577723034
PROP1499,Cozy 5 Bedroom Apartment in Trou aux Biches,Trou aux Biches,Pamplemousses,North,-20.03185157530281,57.54394385053707,155000,apartment,5,5,58,rent,2001.0,True,4.372522891387101,0,0,85,0,1,15.276738185435146
PROP1500,Luxurious 5 Bedroom Villa in Blue Bay,Blue Bay,Grand Port,East,-20.436339093001685,57.71867826713662,775000,villa,5,1,212,rent,1985.0,False,3.5476339259466645,2,0,70,0,1,26.095395963491132
PROP1501,355 sqm Land in Curepipe,Curepipe,Plaines Wilhems,Central,-20.32397520730464,57.51242662441888,290000,land,0,0,355,sale,0.0,False,9.67193254779379,4,1,55,0,0,0.9795139158406566
PROP1502,725 sqm Land in Souillac,Souillac,Savanne,South,-20.526102950901493,57.5246144542761,390000,land,0,0,725,sale,0.0,False,12.01831934941122,4,1,40,0,0,23.316204675334678
PROP1503,Cozy 5 Bedroom Villa in Trou d'Eau Douce,Trou d'Eau Douce,Flacq,East,-20.21755162874033,57.78619661742636,1180000,villa,5,1,342,sale,1986.0,False,3.8534358954865127,2,1,65,0,0,31.86566944418299
PROP1504,Luxurious 3 Bedroom Villa in Port Louis,Port Louis,Port Louis,North,-20.16727376702385,57.50360433984741,745000,villa,3,3,261,sale,1989.0,True,3.320169565162536,2,1,65,0,0,0.79276216650466
PROP1505,Cozy 3 Bedroom Villa in Souillac,Souillac,Savanne,South,-20.523370849912624,57.51166865842117,395000,villa,3,2,186,rent,2013.0,True,7.950418685070351,2,0,40,0,0,23.002478119047815
PROP1506,Cozy 4 Bedroom House in Flic en Flac,Flic en Flac,Black River,West,-20.272861454772773,57.35442891839559,590000,house,4,5,257,sale,1983.0,False,2.4352962097438287,1,1,85,0,1,13.874994916648765
PROP1507,Luxurious 1 Bedroom Condo in Flic en Flac,Flic en Flac,Black River,West,-20.27187163492517,57.3611604111383,425000,condo,1,1,137,sale,1994.0,False,3.1249455398779564,3,1,85,0,1,13.121917434746216
PROP1508,Elegant 3 Bedroom House in Vacoas,Vacoas,Plaines Wilhems,Central,-20.306488204432696,57.47220924040628,270000,house,3,3,201,rent,2018.0,True,13.94842055698006,1,0,50,0,0,4.799726978475849
PROP1509,243 sqm Land in Trou aux Biches,Trou aux Biches,Pamplemousses,North,-20.036812685462078,57.53813154261795,255000,land,0,0,243,sale,0.0,False,2.698939847512517,4,1,85,0,1,14.551566662952343
PROP1510,Charming 5 Bedroom Villa in Beau Bassin,Beau Bassin,Plaines Wilhems,Central,-20.216432209154117,57.45672231534575,1060000,villa,5,5,384,rent,2022.0,True,10.813940949225447,2,0,55,0,0,5.815031806556739
PROP1511,Luxurious 5 Bedroom House in Tamarin,Tamarin,Black River,West,-20.332194188487296,57.374289331039535,230000,house,5,6,111,sale,1988.0,True,4.866470753192383,1,1,80,0,0,13.891880089953087
PROP1512,Beautiful 2 Bedroom House in Tamarin,Tamarin,Black River,West,-20.31695535057061,57.37221624473639,345000,house,2,3,165,rent,2007.0,True,4.363866512327524,1,0,80,0,0,13.250270636088608
PROP1513,677 sqm Land in Vacoas,Vacoas,Plaines Wilhems,Central,-20.30166340455395,57.47398195622607,525000,land,0,0,677,sale,0.0,False,12.861156979613266,4,1,50,0,0,4.241059692825327
PROP1514,Spacious 2 Bedroom House in Belle Mare,Belle Mare,Flacq,East,-20.20326903216206,57.778741642395566,475000,house,2,2,248,rent,1981.0,True,3.902896473417401,1,0,75,0,1,31.400003180807875
PROP1515,Luxurious 5 Bedroom Apartment in Trou d'Eau Douce,Trou d'Eau Douce,Flacq,East,-20.21797760041501,57.78663045471431,220000,apartment,5,1,99,sale,2005.0,False,1.928627249826151,0,1,65,0,0,31.894703427509672
PROP1516,Charming 2 Bedroom Condo in Quatre Bornes,Quatre Bornes,Plaines Wilhems,Central,-20.25884455091397,57.47406629171824,420000,condo,2,3,195,rent,1999.0,True,7.623427331465581,3,0,60,0,0,0.7840615623301664
PROP1517,655 sqm Land in Mahebourg,Mahebourg,Grand Port,East,-20.40859757481128,57.70059224007017,380000,land,0,0,655,rent,0.0,False,4.6625818524248,4,0,45,0,0,22.853726420360072
PROP1518,Elegant 3 Bedroom Villa in Port Louis,Port Louis,Port Louis,North,-20.15731256693039,57.50675499031064,815000,villa,3,2,252,sale,2016.0,False,1.261770143959207,2,1,65,0,0,1.009706025325831
PROP1519,669 sqm Land in Belle Mare,Belle Mare,Flacq,East,-20.204721856702587,57.78763596636319,655000,land,0,0,669,rent,0.0,False,3.761158289355832,4,0,75,0,1,32.40024587354243
PROP1520,Modern 2 Bedroom Villa in Curepipe,Curepipe,Plaines Wilhems,Central,-20.32385871330734,57.50720034443182,860000,villa,2,2,367,rent,2012.0,True,6.940532383865451,2,0,55,0,0,1.3458465714525956
PROP1521,Luxurious 2 Bedroom Apartment in Trou d'Eau Douce,Trou d'Eau Douce,Flacq,East,-20.225080928671712,57.79016511721203,125000,apartment,2,1,54,sale,2023.0,False,4.865768533333212,0,1,65,0,0,32.00585604952372
PROP1522,Cozy 1 Bedroom House in Curepipe,Curepipe,Plaines Wilhems,Central,-20.31474561260156,57.51389526679745,270000,house,1,2,172,sale,2014.0,False,5.073625054064154,1,1,55,0,0,0.3408770855505957
PROP1523,Luxurious 5 Bedroom Villa in Trou aux Biches,Trou aux Biches,Pamplemousses,North,-20.027087062083,57.54010516090436,935000,villa,5,3,225,sale,2004.0,True,1.526709824259727,2,1,85,0,1,15.647611974288699
PROP1524,Luxurious 1 Bedroom House in Souillac,Souillac,Savanne,South,-20.52058357183455,57.51553873453969,220000,house,1,2,198,rent,1999.0,False,14.842277261913244,1,0,40,0,0,22.686882312118374
PROP1525,780 sqm Land in Trou d'Eau Douce,Trou d'Eau Douce,Flacq,East,-20.23190120669163,57.79447822772689,635000,land,0,0,780,rent,0.0,False,2.6064600778175637,4,0,65,0,0,32.23257211719166
PROP1526,Luxurious 5 Bedroom House in Trou aux Biches,Trou aux Biches,Pamplemousses,North,-20.026790907856867,57.54773029633906,690000,house,5,4,288,rent,2009.0,False,2.896718109074841,1,0,85,0,1,15.94651845973726
PROP1527,Modern 2 Bedroom Villa in Trou aux Biches,Trou aux Biches,Pamplemousses,North,-20.04178369496775,57.535979585976094,1700000,villa,2,3,360,rent,1990.0,True,4.5954893784457775,2,0,85,0,1,13.953729794193974
PROP1528,Cozy 3 Bedroom House in Mahebourg,Mahebourg,Grand Port,East,-20.417231950867595,57.7057117537696,345000,house,3,4,208,sale,2013.0,True,1.365066861699075,1,1,45,0,0,23.799267303696794
PROP1529,Spacious 2 Bedroom Villa in Blue Bay,Blue Bay,Grand Port,East,-20.43585127490082,57.70815847962007,1300000,villa,2,1,291,rent,2003.0,True,4.144511766387193,2,0,70,0,1,25.07005186790719
PROP1530,Spacious 3 Bedroom Condo in Blue Bay,Blue Bay,Grand Port,East,-20.43254240393413,57.70711696441058,280000,condo,3,2,94,rent,2004.0,True,2.8516414797042056,3,0,70,0,1,24.778688069054024
PROP1531,598 sqm Land in Tamarin,Tamarin,Black River,West,-20.33131917229936,57.37434584999877,665000,land,0,0,598,rent,0.0,False,4.358194518549647,4,0,80,0,0,13.833766865853345
PROP1532,Charming 4 Bedroom House in Rose Hill,Rose Hill,Plaines Wilhems,Central,-20.24470778139512,57.46200654160605,375000,house,4,3,266,rent,1986.0,False,6.941643841554833,1,0,55,0,0,2.8445017128764203
PROP1533,Luxurious 2 Bedroom House in Beau Bassin,Beau Bassin,Plaines Wilhems,Central,-20.22610828970426,57.45749977093866,455000,house,2,3,250,sale,2014.0,False,8.477915445933444,1,1,55,0,0,4.822097205130923
PROP1534,Elegant 2 Bedroom Villa in Trou aux Biches,Trou aux Biches,Pamplemousses,North,-20.02553303141033,57.554502259752034,935000,villa,2,3,234,sale,1990.0,False,3.5837467148007534,2,1,85,0,1,16.34663403137278
PROP1535,Spacious 2 Bedroom Villa in Belle Mare,Belle Mare,Flacq,East,-20.20134130666354,57.77175478411443,600000,villa,2,1,169,rent,1993.0,False,4.567670388593539,2,0,75,0,1,30.601665247805432
PROP1536,Luxurious 1 Bedroom Villa in Flic en Flac,Flic en Flac,Black River,West,-20.27203018615689,57.3661103592243,875000,villa,1,2,207,rent,2002.0,False,2.6169851688073025,2,0,85,0,1,12.575077709511477
PROP1537,Elegant 3 Bedroom Condo in Belle Mare,Belle Mare,Flacq,East,-20.203508421934544,57.78699610661414,415000,condo,3,2,170,rent,2006.0,True,2.3655151555647014,3,0,75,0,1,32.31046363746289
PROP1538,965 sqm Land in Flic en Flac,Flic en Flac,Black River,West,-20.26958866925919,57.369060460693454,1120000,land,0,0,965,rent,0.0,False,1.8592250964856905,4,0,85,0,1,12.231277770078126
PROP1539,Modern 2 Bedroom House in Flic en Flac,Flic en Flac,Black River,West,-20.28234338793803,57.373071783486,570000,house,2,2,240,sale,1998.0,True,2.074242498868016,1,1,85,0,1,11.947766896744426
PROP1540,Charming 4 Bedroom Apartment in Trou aux Biches,Trou aux Biches,Pamplemousses,North,-20.037904397075096,57.54899781624737,160000,apartment,4,2,56,sale,2024.0,False,2.4968131459392744,0,1,85,0,1,14.844439962030144
PROP1541,Cozy 3 Bedroom Apartment in Curepipe,Curepipe,Plaines Wilhems,Central,-20.315769726981287,57.508655482609285,275000,apartment,3,3,149,rent,2012.0,True,9.068043009029504,0,0,55,0,0,0.8831338262439626
PROP1542,Luxurious 1 Bedroom Condo in Tamarin,Tamarin,Black River,West,-20.333606286207083,57.37425248979925,515000,condo,1,2,172,sale,2022.0,True,4.697668935413757,3,1,80,0,0,13.981558409077486
PROP1543,Elegant 4 Bedroom House in Quatre Bornes,Quatre Bornes,Plaines Wilhems,Central,-20.27129285167426,57.483662843851775,495000,house,4,2,265,rent,2018.0,False,5.269856381116716,1,0,60,0,0,0.9737830166832955
PROP1544,Elegant 2 Bedroom House in Mahebourg,Mahebourg,Grand Port,East,-20.406588966629432,57.69785288490393,275000,house,2,2,186,rent,1990.0,False,4.717609992763977,1,0,45,0,0,22.48202822721713
PROP1545,Luxurious 2 Bedroom Apartment in Souillac,Souillac,Savanne,South,-20.53123737839062,57.52317602344458,215000,apartment,2,1,138,sale,2013.0,True,14.524321037729033,0,1,40,0,0,23.88030746058937
PROP1546,305 sqm Land in Port Louis,Port Louis,Port Louis,North,-20.16288480422356,57.49356125122097,295000,land,0,0,305,sale,0.0,False,3.7896514789510256,4,1,65,0,0,0.6025989309757541
PROP1547,378 sqm Land in Blue Bay,Blue Bay,Grand Port,East,-20.44152235423292,57.70705727949351,450000,land,0,0,378,sale,0.0,False,2.742338426220022,4,1,70,0,1,25.306945425096846
PROP1548,Luxurious 5 Bedroom House in Flic en Flac,Flic en Flac,Black River,West,-20.28144118319104,57.37180500253038,315000,house,5,3,127,rent,2013.0,True,3.6304932668775423,1,0,85,0,1,12.069650129515104
PROP1549,Charming 2 Bedroom House in Blue Bay,Blue Bay,Grand Port,East,-20.447958906968747,57.71836615183107,430000,house,2,3,168,rent,2021.0,True,1.2407954269125172,1,0,70,0,1,26.74846428754968
PROP1550,Beautiful 3 Bedroom Apartment in Port Louis,Port Louis,Port Louis,North,-20.153689032986136,57.49829065330318,210000,apartment,3,2,87,sale,1997.0,False,2.374534597459102,0,1,65,0,0,0.913923625989946
PROP1551,702 sqm Land in Flic en Flac,Flic en Flac,Black River,West,-20.28032143002301,57.36499884368041,695000,land,0,0,702,rent,0.0,False,2.517312619416945,4,0,85,0,1,12.797309107805168
PROP1552,543 sqm Land in Belle Mare,Belle Mare,Flacq,East,-20.20251061061409,57.77387223956564,485000,land,0,0,543,rent,0.0,False,4.415720115554294,4,0,75,0,1,30.85299944933942
PROP1553,Spacious 2 Bedroom Apartment in Blue Bay,Blue Bay,Grand Port,East,-20.44333140358074,57.70712437778195,250000,apartment,2,3,86,rent,2004.0,False,1.564503831003047,0,0,70,0,1,25.42407260722452
PROP1554,677 sqm Land in Flic en Flac,Flic en Flac,Black River,West,-20.27023111155548,57.35520720172117,740000,land,0,0,677,rent,0.0,False,2.5806198433033405,4,0,85,0,1,13.770615738253046
PROP1555,Spacious 4 Bedroom House in Port Louis,Port Louis,Port Louis,North,-20.15640523227526,57.4957102378687,460000,house,4,1,219,sale,2009.0,False,3.6148749690901902,1,1,65,0,0,0.7052393084824959
PROP1556,214 sqm Land in Vacoas,Vacoas,Plaines Wilhems,Central,-20.29074903742485,57.478185805510535,130000,land,0,0,214,rent,0.0,False,10.949484386184013,4,0,50,0,0,2.9930638417776096
PROP1557,306 sqm Land in Grand Baie,Grand Baie,Rivière du Rempart,North,-20.008747137423978,57.584756803741286,370000,land,0,0,306,sale,0.0,False,2.2321865194446877,4,1,90,0,1,19.48901764526131
PROP1558,Charming 4 Bedroom Condo in Trou aux Biches,Trou aux Biches,Pamplemousses,North,-20.03923623037965,57.54064537404716,295000,condo,4,3,91,sale,2003.0,False,3.7935237316700734,3,1,85,0,1,14.38256629327839
PROP1559,Cozy 1 Bedroom House in Rose Hill,Rose Hill,Plaines Wilhems,Central,-20.242206391695,57.477283410075614,425000,house,1,1,247,rent,2007.0,False,14.372096234463184,1,0,55,0,0,2.405357241838148
PROP1560,Luxurious 4 Bedroom Condo in Curepipe,Curepipe,Plaines Wilhems,Central,-20.316765001887312,57.526457975903256,305000,condo,4,5,160,rent,2022.0,False,10.229345577653334,3,0,55,0,0,1.0960310874022932
PROP1561,Spacious 5 Bedroom Apartment in Grand Baie,Grand Baie,Rivière du Rempart,North,-20.02005875316716,57.57552549682215,355000,apartment,5,5,112,sale,1990.0,False,3.0627270158241857,0,1,90,0,1,17.89490969922259
PROP1562,574 sqm Land in Trou d'Eau Douce,Trou d'Eau Douce,Flacq,East,-20.23450056907646,57.79631270021214,560000,land,0,0,574,sale,0.0,False,1.030755003353483,4,1,65,0,0,32.345406032472134
PROP1563,Elegant 5 Bedroom House in Trou aux Biches,Trou aux Biches,Pamplemousses,North,-20.02363791171497,57.55291752786762,260000,house,5,3,111,sale,2008.0,False,4.985378528747611,1,1,85,0,1,16.476789440434256
PROP1564,Cozy 1 Bedroom Villa in Souillac,Souillac,Savanne,South,-20.523273197889463,57.51432490050128,700000,villa,1,1,315,sale,1993.0,False,5.51278213768553,2,1,40,0,0,22.986512222256525
PROP1565,Beautiful 4 Bedroom Villa in Mahebourg,Mahebourg,Grand Port,East,-20.40062580704828,57.694269691077366,735000,villa,4,3,308,sale,1987.0,True,3.842842393926134,2,1,45,0,0,21.83464407868489
PROP1566,653 sqm Land in Trou aux Biches,Trou aux Biches,Pamplemousses,North,-20.02388996690503,57.54110876536692,810000,land,0,0,653,sale,0.0,False,1.7168556396153942,4,1,85,0,1,16.019553344833724
PROP1567,Modern 1 Bedroom House in Beau Bassin,Beau Bassin,Plaines Wilhems,Central,-20.229531493374267,57.46230872709079,455000,house,1,2,291,sale,1989.0,False,5.137141648253363,1,1,55,0,0,4.235893500803758
PROP1568,Elegant 4 Bedroom Condo in Vacoas,Vacoas,Plaines Wilhems,Central,-20.29131170232744,57.48181564737938,295000,condo,4,4,166,rent,2004.0,True,6.88144422469369,3,0,50,0,0,3.0686401317237277
PROP1569,Charming 4 Bedroom House in Belle Mare,Belle Mare,Flacq,East,-20.189936406489547,57.78845762825289,375000,house,4,4,191,sale,2021.0,False,2.203595612914396,1,1,75,0,1,32.29120689806247
PROP1570,Beautiful 5 Bedroom Apartment in Trou d'Eau Douce,Trou d'Eau Douce,Flacq,East,-20.226725763752796,57.79814744014293,190000,apartment,5,5,86,sale,1986.0,False,1.3983582758356845,0,1,65,0,0,32.791925021835226
PROP1571,Beautiful 5 Bedroom Apartment in Beau Bassin,Beau Bassin,Plaines Wilhems,Central,-20.211500471817555,57.45317930807415,190000,apartment,5,3,114,rent,2019.0,True,9.84171118666341,0,0,55,0,0,6.479132771671059
PROP1572,Beautiful 2 Bedroom Condo in Souillac,Souillac,Savanne,South,-20.51380599589784,57.52357334409668,130000,condo,2,2,97,rent,2004.0,True,13.140130957147178,3,0,40,0,0,21.947918916262207
PROP1573,Spacious 2 Bedroom Apartment in Curepipe,Curepipe,Plaines Wilhems,Central,-20.308940461147984,57.51626030655499,205000,apartment,2,1,133,rent,1998.0,True,6.529339427575536,0,0,55,0,0,0.8066905123872923
PROP1574,Beautiful 5 Bedroom House in Trou d'Eau Douce,Trou d'Eau Douce,Flacq,East,-20.21819359089029,57.7824277868282,335000,house,5,4,188,sale,1993.0,True,3.285611758775777,1,1,65,0,0,31.44841149087984
PROP1575,Spacious 3 Bedroom Condo in Vacoas,Vacoas,Plaines Wilhems,Central,-20.292824574810886,57.487940210157326,350000,condo,3,1,192,rent,2003.0,True,11.459931303098614,3,0,50,0,0,3.367849129777713
PROP1576,969 sqm Land in Quatre Bornes,Quatre Bornes,Plaines Wilhems,Central,-20.267877833700545,57.488745877755015,770000,land,0,0,969,sale,0.0,False,7.710973617816631,4,1,60,0,0,1.1624391748586422
PROP1577,Cozy 1 Bedroom Villa in Port Louis,Port Louis,Port Louis,North,-20.158626825570217,57.49811924550274,540000,villa,1,2,162,rent,2006.0,False,1.4264627425095622,2,0,65,0,0,0.37351538648381366
PROP1578,Beautiful 5 Bedroom Villa in Blue Bay,Blue Bay,Grand Port,East,-20.448988325440546,57.719907963174045,945000,villa,5,5,219,rent,2006.0,True,4.203905359390603,2,0,70,0,1,26.954234760996822
PROP1579,Modern 1 Bedroom Villa in Beau Bassin,Beau Bassin,Plaines Wilhems,Central,-20.218789365693624,57.456624411552745,480000,villa,1,2,168,rent,1999.0,False,7.455684447247473,2,0,55,0,0,5.584424536008894
PROP1580,Charming 3 Bedroom Villa in Tamarin,Tamarin,Black River,West,-20.329167836982165,57.365409158425,750000,villa,3,3,206,sale,1980.0,False,4.161509121089916,2,1,80,0,0,14.556904791232133
PROP1581,Charming 3 Bedroom Condo in Vacoas,Vacoas,Plaines Wilhems,Central,-20.30218458807284,57.48179430226168,345000,condo,3,1,161,rent,2023.0,False,11.078376591750796,3,0,50,0,0,4.164894493756629
PROP1582,Modern 1 Bedroom Villa in Trou aux Biches,Trou aux Biches,Pamplemousses,North,-20.038595830518844,57.5496911240307,965000,villa,1,2,251,rent,2002.0,False,4.442551620836685,2,0,85,0,1,14.802446812426815
PROP1583,Spacious 5 Bedroom House in Trou d'Eau Douce,Trou d'Eau Douce,Flacq,East,-20.21815216782657,57.78457357095394,245000,house,5,2,143,sale,2017.0,False,3.626554311528997,1,1,65,0,0,31.673575683466854
PROP1584,Cozy 1 Bedroom Villa in Blue Bay,Blue Bay,Grand Port,East,-20.449168492296003,57.704509640387045,1580000,villa,1,2,359,sale,1991.0,True,2.468052275574175,2,1,70,0,1,25.551865573873023
PROP1585,734 sqm Land in Trou d'Eau Douce,Trou d'Eau Douce,Flacq,East,-20.22199730070845,57.77993589989589,630000,land,0,0,734,rent,0.0,False,3.5952769231913893,4,0,65,0,0,31.044289957915723
PROP1586,Luxurious 3 Bedroom House in Tamarin,Tamarin,Black River,West,-20.32767126900995,57.36417952894712,460000,house,3,4,190,rent,1995.0,False,1.2035385489773942,1,0,80,0,0,14.593969010937242
PROP1587,Charming 5 Bedroom Apartment in Vacoas,Vacoas,Plaines Wilhems,Central,-20.29884254223813,57.47212585942373,220000,apartment,5,5,132,rent,1994.0,True,5.877523983609726,0,0,50,0,0,3.9660074819548163
PROP1588,Modern 3 Bedroom Condo in Souillac,Souillac,Savanne,South,-20.531287186311143,57.52138896879491,240000,condo,3,3,169,sale,1982.0,True,9.019998109805442,3,1,40,0,0,23.88059477693675
PROP1589,Modern 3 Bedroom House in Grand Baie,Grand Baie,Rivière du Rempart,North,-20.027446092420067,57.58961065942129,400000,house,3,3,138,rent,1990.0,True,3.87660371930391,1,0,90,0,1,18.00332299520467
PROP1590,Luxurious 5 Bedroom Condo in Trou d'Eau Douce,Trou d'Eau Douce,Flacq,East,-20.233377339183143,57.79337400902652,360000,condo,5,5,145,sale,2015.0,False,2.015554273296408,3,1,65,0,0,32.067945187111235
PROP1591,Luxurious 1 Bedroom Villa in Trou aux Biches,Trou aux Biches,Pamplemousses,North,-20.02969094848931,57.543152109273706,1435000,villa,1,1,397,rent,1980.0,False,4.509586493327771,2,0,85,0,1,15.475439302110344
PROP1592,603 sqm Land in Curepipe,Curepipe,Plaines Wilhems,Central,-20.30728754088265,57.51119167919439,440000,land,0,0,603,rent,0.0,False,9.573936099753707,4,0,55,0,0,1.1571815825461274
PROP1593,318 sqm Land in Port Louis,Port Louis,Port Louis,North,-20.16249192548461,57.5033667563807,270000,land,0,0,318,rent,0.0,False,4.5000297432797485,4,0,65,0,0,0.500144473812067
PROP1594,Cozy 4 Bedroom Apartment in Vacoas,Vacoas,Plaines Wilhems,Central,-20.295282193822864,57.48646512603315,110000,apartment,4,2,69,sale,1997.0,True,8.148093508469929,0,1,50,0,0,3.5888784099251945
PROP1595,790 sqm Land in Rose Hill,Rose Hill,Plaines Wilhems,Central,-20.233311732914224,57.46922875890105,640000,land,0,0,790,rent,0.0,False,7.96536812984758,4,0,55,0,0,3.5571574621303492
PROP1596,Elegant 1 Bedroom Apartment in Vacoas,Vacoas,Plaines Wilhems,Central,-20.29274926310311,57.47139513082153,100000,apartment,1,1,64,sale,1990.0,True,13.8442388399184,0,1,50,0,0,3.325232547347187
PROP1597,967 sqm Land in Blue Bay,Blue Bay,Grand Port,East,-20.44678142571067,57.70679493177279,900000,land,0,0,967,sale,0.0,False,2.127358114291286,4,1,70,0,1,25.608453175331604
PROP1598,Luxurious 1 Bedroom Apartment in Grand Baie,Grand Baie,Rivière du Rempart,North,-20.027105377189624,57.57259761055563,305000,apartment,1,2,108,rent,2018.0,True,3.8949630415458505,0,0,90,0,1,17.052478870106203
PROP1599,Charming 5 Bedroom Apartment in Souillac,Souillac,Savanne,South,-20.515330808447693,57.5220471988628,135000,apartment,5,5,113,rent,2020.0,False,14.70969736126769,0,0,40,0,0,22.111788105084685
PROP1600,Beautiful 4 Bedroom Villa in Blue Bay,Blue Bay,Grand Port,East,-20.44249602347033,57.71286179526705,1395000,villa,4,5,371,rent,1989.0,False,4.4367713868874645,2,0,70,0,1,25.905929904029634
PROP1601,Beautiful 4 Bedroom Apartment in Quatre Bornes,Quatre Bornes,Plaines Wilhems,Central,-20.27360771545309,57.47279527821427,155000,apartment,4,2,82,rent,2022.0,False,7.593601893220217,0,0,60,0,0,1.2941895483257002
PROP1602,Beautiful 1 Bedroom Villa in Vacoas,Vacoas,Plaines Wilhems,Central,-20.29075756960948,57.485140437932735,560000,villa,1,2,240,rent,2022.0,True,7.644393953974427,2,0,50,0,0,3.0664891614634766
PROP1603,Modern 5 Bedroom Apartment in Beau Bassin,Beau Bassin,Plaines Wilhems,Central,-20.22016826184505,57.46729906187724,245000,apartment,5,1,131,sale,1995.0,False,7.608205292702381,0,1,55,0,0,5.017139483760344
PROP1604,529 sqm Land in Souillac,Souillac,Savanne,South,-20.519936290381064,57.52168091742848,260000,land,0,0,529,rent,0.0,False,12.020864821817998,4,0,40,0,0,22.62175962498114
PROP1605,Elegant 1 Bedroom Villa in Trou d'Eau Douce,Trou d'Eau Douce,Flacq,East,-20.220540710892475,57.78554507433927,1050000,villa,1,1,310,rent,1998.0,False,2.27581981416821,2,0,65,0,0,31.685037513514317
PROP1606,Spacious 4 Bedroom Condo in Quatre Bornes,Quatre Bornes,Plaines Wilhems,Central,-20.26740766857094,57.472444493041934,205000,condo,4,1,91,sale,2020.0,True,12.687668295923912,3,1,60,0,0,0.8403150541367649
PROP1607,Beautiful 4 Bedroom Condo in Trou aux Biches,Trou aux Biches,Pamplemousses,North,-20.034289011209214,57.54845337445354,470000,condo,4,3,141,rent,1997.0,True,4.928328540796355,3,0,85,0,1,15.195288384946137
PROP1608,Luxurious 1 Bedroom Villa in Rose Hill,Rose Hill,Plaines Wilhems,Central,-20.24103034962984,57.47280365639915,590000,villa,1,1,256,sale,1986.0,False,6.250112426597928,2,1,55,0,0,2.6222817247930315
PROP1609,Beautiful 2 Bedroom House in Vacoas,Vacoas,Plaines Wilhems,Central,-20.29795238696319,57.4767162047574,305000,house,2,1,217,sale,2016.0,False,9.45012141574202,1,1,50,0,0,3.800138157137614
PROP1610,Spacious 4 Bedroom Condo in Port Louis,Port Louis,Port Louis,North,-20.153726519229146,57.50134577945912,510000,condo,4,5,188,sale,2013.0,True,3.0695557974889547,3,1,65,0,0,0.9470038693368537
PROP1611,269 sqm Land in Trou d'Eau Douce,Trou d'Eau Douce,Flacq,East,-20.234862798988768,57.783431487892855,240000,land,0,0,269,sale,0.0,False,3.1759750052492386,4,1,65,0,0,30.963784390809227
PROP1612,Elegant 5 Bedroom Apartment in Blue Bay,Blue Bay,Grand Port,East,-20.446450411158143,57.70581549086298,160000,apartment,5,3,57,rent,2016.0,True,4.74879832915452,0,0,70,0,1,25.498048585192237
PROP1613,Luxurious 1 Bedroom Condo in Rose Hill,Rose Hill,Plaines Wilhems,Central,-20.249384082684312,57.47553775170151,190000,condo,1,2,103,sale,2007.0,True,6.862746704618154,3,1,55,0,0,1.6482968723495017
PROP1614,460 sqm Land in Belle Mare,Belle Mare,Flacq,East,-20.204246416915566,57.78808873444218,430000,land,0,0,460,sale,0.0,False,1.969114687168842,4,1,75,0,1,32.442271976522406
PROP1615,Cozy 2 Bedroom House in Beau Bassin,Beau Bassin,Plaines Wilhems,Central,-20.22152744180351,57.45713496836307,440000,house,2,1,275,rent,2011.0,False,8.314256395436976,1,0,55,0,0,5.287879452147885
PROP1616,Elegant 3 Bedroom Villa in Rose Hill,Rose Hill,Plaines Wilhems,Central,-20.24354026523541,57.47076203336157,710000,villa,3,3,290,rent,2003.0,True,14.099532886589932,2,0,55,0,0,2.4318337928833245
PROP1617,Cozy 2 Bedroom Apartment in Grand Baie,Grand Baie,Rivière du Rempart,North,-20.016420723228165,57.577661584278445,150000,apartment,2,2,54,sale,2000.0,False,1.703242544651038,0,1,90,0,1,18.36290520112222
PROP1618,Modern 3 Bedroom Apartment in Beau Bassin,Beau Bassin,Plaines Wilhems,Central,-20.21002394905185,57.46550829682877,100000,apartment,3,4,59,rent,2002.0,True,8.076124375718653,0,0,55,0,0,6.156846967591613
PROP1619,Luxurious 5 Bedroom Condo in Vacoas,Vacoas,Plaines Wilhems,Central,-20.299883893715734,57.468475530691165,255000,condo,5,6,132,rent,2006.0,False,12.900141139302177,3,0,50,0,0,4.17532181836777
PROP1620,Beautiful 3 Bedroom Apartment in Curepipe,Curepipe,Plaines Wilhems,Central,-20.311644665574825,57.52633728673805,270000,apartment,3,2,136,sale,2021.0,True,10.929438121920398,0,1,55,0,0,1.1932671648349906
PROP1621,Beautiful 2 Bedroom Condo in Beau Bassin,Beau Bassin,Plaines Wilhems,Central,-20.21118716288871,57.46305125725325,365000,condo,2,2,184,rent,2023.0,True,10.559702699959498,3,0,55,0,0,6.1056788510229545
PROP1622,Spacious 5 Bedroom House in Curepipe,Curepipe,Plaines Wilhems,Central,-20.32151634921076,57.514173027362446,205000,house,5,4,129,sale,2018.0,True,10.335167093230613,1,1,55,0,0,0.6486975720410529
PROP1623,Modern 2 Bedroom House in Trou aux Biches,Trou aux Biches,Pamplemousses,North,-20.033875976732013,57.54804766142373,425000,house,2,1,160,sale,1989.0,False,3.120868310565964,1,1,85,0,1,15.221837252420205
PROP1624,Modern 5 Bedroom House in Souillac,Souillac,Savanne,South,-20.52641975545291,57.5187177048285,120000,house,5,3,102,rent,2012.0,False,12.998793790079985,1,0,40,0,0,23.335576821441148
PROP1625,Modern 2 Bedroom Apartment in Vacoas,Vacoas,Plaines Wilhems,Central,-20.291714156860408,57.47294031102796,195000,apartment,2,2,101,sale,1987.0,False,6.259781459825348,0,1,50,0,0,3.173012072826956
PROP1626,Beautiful 4 Bedroom Condo in Port Louis,Port Louis,Port Louis,North,-20.160756161787592,57.5062833797586,285000,condo,4,4,125,rent,2002.0,False,4.292575566242119,3,0,65,0,0,0.8293316736132046
PROP1627,Luxurious 2 Bedroom Apartment in Blue Bay,Blue Bay,Grand Port,East,-20.447304529562334,57.722756911877774,130000,apartment,2,1,54,sale,1987.0,False,2.228855602673797,0,1,70,0,1,27.118794798195932
PROP1628,Spacious 4 Bedroom House in Tamarin,Tamarin,Black River,West,-20.31852009029065,57.37749881034944,580000,house,4,3,255,sale,2017.0,True,3.1817996914684588,1,1,80,0,0,12.80936634398017
PROP1629,Beautiful 4 Bedroom Condo in Trou d'Eau Douce,Trou d'Eau Douce,Flacq,East,-20.222816994224672,57.78537021577394,250000,condo,4,5,109,sale,1995.0,False,4.2032718490482,3,1,65,0,0,31.582926310933516
PROP1630,Charming 1 Bedroom Apartment in Vacoas,Vacoas,Plaines Wilhems,Central,-20.294864332941245,57.47524429510932,100000,apartment,1,1,58,rent,2005.0,False,12.332234944045704,0,0,50,0,0,3.474600079421551
PROP1631,Modern 2 Bedroom Apartment in Grand Baie,Grand Baie,Rivière du Rempart,North,-20.01176639023525,57.58191443304895,350000,apartment,2,3,128,sale,2022.0,False,4.203684409415611,0,1,90,0,1,19.042727562043606
PROP1632,Charming 2 Bedroom House in Curepipe,Curepipe,Plaines Wilhems,Central,-20.31846219242001,57.51764978531393,420000,house,2,2,248,rent,2018.0,False,12.56978848567199,1,0,55,0,0,0.2768234906397919
PROP1633,Charming 1 Bedroom Villa in Belle Mare,Belle Mare,Flacq,East,-20.190426959949235,57.77356111605546,1000000,villa,1,1,319,sale,2015.0,False,2.570097346140847,2,1,75,0,1,30.65138253121405
PROP1634,Beautiful 3 Bedroom Villa in Quatre Bornes,Quatre Bornes,Plaines Wilhems,Central,-20.263279537771744,57.47284138643522,715000,villa,3,2,261,sale,1989.0,True,14.209907546365809,2,1,60,0,0,0.6971040791986712
PROP1635,222 sqm Land in Curepipe,Curepipe,Plaines Wilhems,Central,-20.32089331214426,57.51589244395111,150000,land,0,0,222,rent,0.0,False,10.888832204240211,4,0,55,0,0,0.5268445708049327
PROP1636,Beautiful 1 Bedroom Apartment in Mahebourg,Mahebourg,Grand Port,East,-20.414925737226948,57.69553330383964,90000,apartment,1,1,52,sale,2023.0,True,2.5074302087350158,0,1,45,0,0,22.684201382428665
PROP1637,269 sqm Land in Grand Baie,Grand Baie,Rivière du Rempart,North,-20.02591485283805,57.587179938913216,340000,land,0,0,269,sale,0.0,False,2.130700985926887,4,1,90,0,1,17.99614620362436
PROP1638,397 sqm Land in Souillac,Souillac,Savanne,South,-20.517609107632765,57.51516052606887,200000,land,0,0,397,rent,0.0,False,9.664355139138014,4,0,40,0,0,22.356981920721594
PROP1639,Beautiful 5 Bedroom Condo in Curepipe,Curepipe,Plaines Wilhems,Central,-20.32157710055929,57.524723841280256,220000,condo,5,3,116,rent,2003.0,False,5.943475984347618,3,0,55,0,0,1.0813816177877138
PROP1640,Charming 3 Bedroom Condo in Belle Mare,Belle Mare,Flacq,East,-20.196030013756165,57.770613586141714,420000,condo,3,3,170,rent,2008.0,False,2.5545772947850174,3,0,75,0,1,30.397209802235704
PROP1641,Beautiful 1 Bedroom Apartment in Blue Bay,Blue Bay,Grand Port,East,-20.44546566206678,57.72341233008677,320000,apartment,1,1,138,rent,1985.0,False,4.534437924942204,0,0,70,0,1,27.071475773256424
PROP1642,Spacious 2 Bedroom Condo in Trou aux Biches,Trou aux Biches,Pamplemousses,North,-20.02893641208702,57.54689032908154,595000,condo,2,2,183,rent,1999.0,False,4.620965752073258,3,0,85,0,1,15.690857054562004
PROP1643,Charming 3 Bedroom Condo in Rose Hill,Rose Hill,Plaines Wilhems,Central,-20.24286424596621,57.479634449269454,225000,condo,3,1,120,sale,1993.0,True,12.560932666343962,3,1,55,0,0,2.324625786187472
PROP1644,667 sqm Land in Port Louis,Port Louis,Port Louis,North,-20.16159584949139,57.498188105556,620000,land,0,0,667,sale,0.0,False,2.1295708501067483,4,1,65,0,0,0.0859301487878312
PROP1645,Cozy 3 Bedroom Condo in Vacoas,Vacoas,Plaines Wilhems,Central,-20.300673315508064,57.47351697740528,205000,condo,3,3,105,sale,2007.0,True,8.95173838317104,3,1,50,0,0,4.139588017889549
PROP1646,Charming 5 Bedroom Apartment in Trou d'Eau Douce,Trou d'Eau Douce,Flacq,East,-20.224757069942584,57.79328693933414,300000,apartment,5,3,133,rent,1996.0,False,4.313147255766448,0,0,65,0,0,32.34606886056788
PROP1647,Elegant 4 Bedroom Villa in Tamarin,Tamarin,Black River,West,-20.321606070801074,57.371919192335646,1375000,villa,4,5,375,sale,1987.0,False,3.5261655281806967,2,1,80,0,0,13.517078199701213
PROP1648,Beautiful 3 Bedroom Condo in Quatre Bornes,Quatre Bornes,Plaines Wilhems,Central,-20.256985379391235,57.48171252206008,390000,condo,3,2,192,sale,2014.0,False,14.107289839621416,3,1,60,0,0,0.8101047803666053
PROP1649,Spacious 4 Bedroom Apartment in Beau Bassin,Beau Bassin,Plaines Wilhems,Central,-20.223075169899708,57.45950624882958,200000,apartment,4,4,117,sale,2024.0,True,7.370682722809887,0,1,55,0,0,5.016447097827921
PROP1650,Luxurious 5 Bedroom Villa in Grand Baie,Grand Baie,Rivière du Rempart,North,-20.02732321314355,57.58719629551818,1320000,villa,5,3,321,rent,2012.0,True,3.610503668229491,2,0,90,0,1,17.86622407386518
PROP1651,Cozy 1 Bedroom Apartment in Vacoas,Vacoas,Plaines Wilhems,Central,-20.305203401299504,57.48791241393323,160000,apartment,1,1,90,rent,2004.0,False,6.227671448233814,0,0,50,0,0,3.410253087284439
PROP1652,Luxurious 1 Bedroom Apartment in Grand Baie,Grand Baie,Rivière du Rempart,North,-20.02185611197317,57.58639563523882,365000,apartment,1,2,115,rent,1994.0,False,3.721280355226672,0,0,90,0,1,18.32938289888658
PROP1653,Cozy 1 Bedroom House in Beau Bassin,Beau Bassin,Plaines Wilhems,Central,-20.22163936821037,57.45757343008248,255000,house,1,2,146,rent,2001.0,False,14.571448625830811,1,0,55,0,0,5.254548296777038
PROP1654,Charming 4 Bedroom House in Mahebourg,Mahebourg,Grand Port,East,-20.40985935756148,57.69463982143194,440000,house,4,5,298,rent,2001.0,False,2.8596800211215543,1,0,45,0,0,22.330113985227307
PROP1655,Beautiful 5 Bedroom Condo in Vacoas,Vacoas,Plaines Wilhems,Central,-20.30265426868355,57.48100494656072,235000,condo,5,5,130,rent,1984.0,True,7.43382933604301,3,0,50,0,0,4.227474989018313
PROP1656,Beautiful 4 Bedroom Condo in Blue Bay,Blue Bay,Grand Port,East,-20.442249488748,57.70989197032216,235000,condo,4,2,85,rent,2004.0,False,4.26355260582499,3,0,70,0,1,25.614379674799483
PROP1657,Luxurious 4 Bedroom Condo in Belle Mare,Belle Mare,Flacq,East,-20.199407753596088,57.78619905127579,295000,condo,4,1,130,sale,1994.0,True,3.6309238239399386,3,1,75,0,1,32.16081605562848
PROP1658,574 sqm Land in Belle Mare,Belle Mare,Flacq,East,-20.20629175467137,57.78691710196042,475000,land,0,0,574,rent,0.0,False,3.2747693707868515,4,0,75,0,1,32.34740336691845
PROP1659,Charming 1 Bedroom Condo in Quatre Bornes,Quatre Bornes,Plaines Wilhems,Central,-20.27294975041862,57.47658704847678,415000,condo,1,1,186,sale,1991.0,False,13.816010036948551,3,1,60,0,0,1.0532306700893943
PROP1660,Beautiful 3 Bedroom Condo in Tamarin,Tamarin,Black River,West,-20.32508873170247,57.368291471878216,385000,condo,3,3,122,rent,2011.0,False,4.322011493611333,3,0,80,0,0,14.05579046618633
PROP1661,Luxurious 3 Bedroom Villa in Trou d'Eau Douce,Trou d'Eau Douce,Flacq,East,-20.227741996766703,57.786147055303786,995000,villa,3,4,264,rent,2012.0,False,1.0287554569927595,2,0,65,0,0,31.489671630803286
PROP1662,Spacious 2 Bedroom Condo in Rose Hill,Rose Hill,Plaines Wilhems,Central,-20.245195531408527,57.472721099227485,260000,condo,2,3,152,sale,1984.0,True,11.422212527835004,3,1,55,0,0,2.183109630044077
PROP1663,867 sqm Land in Quatre Bornes,Quatre Bornes,Plaines Wilhems,Central,-20.271094346947383,57.47988581560792,710000,land,0,0,867,rent,0.0,False,14.042840409653875,4,0,60,0,0,0.8143573348620122
PROP1664,Spacious 5 Bedroom Villa in Quatre Bornes,Quatre Bornes,Plaines Wilhems,Central,-20.267839888528016,57.47719380586044,1055000,villa,5,4,335,rent,2007.0,True,12.749356129897624,2,0,60,0,0,0.49583931611641635
PROP1665,Beautiful 3 Bedroom Villa in Blue Bay,Blue Bay,Grand Port,East,-20.44379576304441,57.72115405401108,635000,villa,3,3,172,sale,2024.0,True,1.2673354484631307,2,1,70,0,1,26.760679604109047
PROP1666,Beautiful 5 Bedroom House in Belle Mare,Belle Mare,Flacq,East,-20.187062344020298,57.784997610370006,255000,house,5,4,124,sale,2008.0,True,3.6843269354548287,1,1,75,0,1,31.879421499889744
PROP1667,788 sqm Land in Mahebourg,Mahebourg,Grand Port,East,-20.405924248277294,57.69291672249839,510000,land,0,0,788,sale,0.0,False,3.969620444711796,4,1,45,0,0,21.959499883217976
PROP1668,470 sqm Land in Belle Mare,Belle Mare,Flacq,East,-20.19095336070697,57.78668056113368,515000,land,0,0,470,rent,0.0,False,3.5785901265900537,4,0,75,0,1,32.10601830015184
PROP1669,Beautiful 5 Bedroom Villa in Vacoas,Vacoas,Plaines Wilhems,Central,-20.300118298038186,57.47944594306943,750000,villa,5,1,293,rent,2016.0,False,10.108677915944291,2,0,50,0,0,4.031513962533374
PROP1670,Cozy 5 Bedroom Condo in Souillac,Souillac,Savanne,South,-20.51500788444135,57.51767333872892,125000,condo,5,3,87,rent,2006.0,False,13.023697010550682,3,0,40,0,0,22.067996783190473
PROP1671,Beautiful 1 Bedroom Villa in Vacoas,Vacoas,Plaines Wilhems,Central,-20.301884264498028,57.47984131601692,630000,villa,1,2,218,rent,2007.0,False,13.583783886716835,2,0,50,0,0,4.228154138963975
PROP1672,Elegant 2 Bedroom House in Tamarin,Tamarin,Black River,West,-20.332063057464065,57.36684504474857,655000,house,2,1,299,sale,1991.0,False,3.3837952397979496,1,1,80,0,0,14.58331331802951
PROP1673,Spacious 4 Bedroom Condo in Blue Bay,Blue Bay,Grand Port,East,-20.44050673817388,57.72418377148409,370000,condo,4,4,133,rent,2007.0,True,3.530874340153412,3,0,70,0,1,26.857226424255202
PROP1674,Cozy 5 Bedroom Apartment in Curepipe,Curepipe,Plaines Wilhems,Central,-20.317751063397875,57.51358743547483,205000,apartment,5,3,111,sale,2000.0,True,14.9231186701826,0,1,55,0,0,0.37611384339215137
PROP1675,703 sqm Land in Mahebourg,Mahebourg,Grand Port,East,-20.412855350863445,57.708732729164296,490000,land,0,0,703,sale,0.0,False,1.937374697623254,4,1,45,0,0,23.873321604495985
PROP1676,Spacious 4 Bedroom House in Rose Hill,Rose Hill,Plaines Wilhems,Central,-20.248289759063,57.47962543573424,370000,house,4,4,234,rent,1981.0,False,7.138484819706602,1,0,55,0,0,1.7226243622436497
PROP1677,Beautiful 2 Bedroom Villa in Curepipe,Curepipe,Plaines Wilhems,Central,-20.311727506048825,57.52170083533971,440000,villa,2,3,180,rent,1995.0,True,14.242155011990755,2,0,55,0,0,0.7530163695795343
PROP1678,Cozy 4 Bedroom Apartment in Port Louis,Port Louis,Port Louis,North,-20.168187924199533,57.50800698193512,300000,apartment,4,4,140,rent,1986.0,False,2.398304088676064,0,0,65,0,0,1.2284200580438471
PROP1679,Cozy 5 Bedroom House in Grand Baie,Grand Baie,Rivière du Rempart,North,-20.021411232259272,57.58038030268375,650000,house,5,5,268,rent,2016.0,True,1.1309820056875086,1,0,90,0,1,18.027211152096413
PROP1680,874 sqm Land in Grand Baie,Grand Baie,Rivière du Rempart,North,-20.013918280930437,57.58971977731508,920000,land,0,0,874,sale,0.0,False,4.540563314231094,4,1,90,0,1,19.27275235006593
PROP1681,700 sqm Land in Beau Bassin,Beau Bassin,Plaines Wilhems,Central,-20.22833689437949,57.45852655569716,500000,land,0,0,700,rent,0.0,False,13.795111851609647,4,0,55,0,0,4.550862561966586
PROP1682,Cozy 4 Bedroom Apartment in Grand Baie,Grand Baie,Rivière du Rempart,North,-20.01917138944378,57.57505786823421,320000,apartment,4,4,119,rent,2021.0,False,4.155784184974435,0,0,90,0,1,17.957137025526038
PROP1683,Luxurious 2 Bedroom Condo in Trou aux Biches,Trou aux Biches,Pamplemousses,North,-20.03848030072813,57.54543005435883,220000,condo,2,2,83,sale,1983.0,False,2.2590262099940985,3,1,85,0,1,14.640840303503921
PROP1684,Spacious 4 Bedroom Condo in Belle Mare,Belle Mare,Flacq,East,-20.206195816382927,57.7800871915218,265000,condo,4,3,110,sale,1983.0,True,2.442031845179696,3,1,75,0,1,31.596682968048906
PROP1685,Spacious 5 Bedroom Villa in Mahebourg,Mahebourg,Grand Port,East,-20.40792922259311,57.702508844214165,915000,villa,5,3,355,sale,2014.0,True,3.4505565838935253,2,1,45,0,0,23.01111886733712
PROP1686,Cozy 3 Bedroom Apartment in Curepipe,Curepipe,Plaines Wilhems,Central,-20.31742356661975,57.51548057873222,260000,apartment,3,1,137,rent,1988.0,True,8.064345229249355,0,0,55,0,0,0.18408001344804545
PROP1687,Luxurious 2 Bedroom Apartment in Souillac,Souillac,Savanne,South,-20.53128601925037,57.51385413902745,80000,apartment,2,2,52,sale,2017.0,False,6.677785499519948,0,1,40,0,0,23.87649358733971
PROP1688,Cozy 2 Bedroom Apartment in Vacoas,Vacoas,Plaines Wilhems,Central,-20.3003923469056,57.48235095586515,225000,apartment,2,3,128,rent,2008.0,False,10.608243478604964,0,0,50,0,0,4.077748680691355
PROP1689,Elegant 1 Bedroom Apartment in Quatre Bornes,Quatre Bornes,Plaines Wilhems,Central,-20.27041753129381,57.48872494002842,195000,apartment,1,2,98,rent,2013.0,True,13.541664421015986,0,0,60,0,0,1.2965217715121256
PROP1690,Elegant 5 Bedroom Villa in Mahebourg,Mahebourg,Grand Port,East,-20.41060178207996,57.70483324734256,700000,villa,5,4,305,sale,1998.0,False,2.309835518179585,2,1,45,0,0,23.374252296676186
PROP1691,Modern 3 Bedroom Condo in Grand Baie,Grand Baie,Rivière du Rempart,North,-20.022150253412484,57.585208047472605,245000,condo,3,3,81,sale,2018.0,False,1.1083050914690031,3,1,90,0,1,18.232090677208955
PROP1692,Charming 5 Bedroom Apartment in Trou aux Biches,Trou aux Biches,Pamplemousses,North,-20.04171557702076,57.54050701291605,375000,apartment,5,3,136,rent,2010.0,True,1.0877696766191796,0,0,85,0,1,14.117279643863757
PROP1693,Beautiful 2 Bedroom House in Souillac,Souillac,Savanne,South,-20.53084530647202,57.51591701682297,175000,house,2,2,156,rent,1983.0,True,12.189896675927423,1,0,40,0,0,23.825749630389236
PROP1694,Luxurious 1 Bedroom Condo in Vacoas,Vacoas,Plaines Wilhems,Central,-20.30495128659859,57.47047550229215,235000,condo,1,2,144,sale,2018.0,False,8.997561672977586,3,1,50,0,0,4.667032388504801
PROP1695,Spacious 1 Bedroom Condo in Port Louis,Port Louis,Port Louis,North,-20.16486411712628,57.50120067290644,250000,condo,1,2,120,sale,2006.0,True,2.118541529971643,3,1,65,0,0,0.4164954028398968
PROP1696,Spacious 2 Bedroom Apartment in Grand Baie,Grand Baie,Rivière du Rempart,North,-20.01466590524488,57.58467031164358,335000,apartment,2,2,127,sale,1997.0,True,1.269620815091665,0,1,90,0,1,18.913834900523707
PROP1697,395 sqm Land in Beau Bassin,Beau Bassin,Plaines Wilhems,Central,-20.214319001265565,57.46871060535882,290000,land,0,0,395,rent,0.0,False,10.83314262577104,4,0,55,0,0,5.612154683553369
PROP1698,Modern 3 Bedroom Apartment in Quatre Bornes,Quatre Bornes,Plaines Wilhems,Central,-20.25638033786441,57.477604822169,150000,apartment,3,4,90,sale,2018.0,True,8.75481455136126,0,1,60,0,0,0.8401383362990271
PROP1699,643 sqm Land in Rose Hill,Rose Hill,Plaines Wilhems,Central,-20.239817031631752,57.4647965027028,500000,land,0,0,643,rent,0.0,False,10.21081178260772,4,0,55,0,0,3.0996097740115913
PROP1700,Luxurious 5 Bedroom Villa in Quatre Bornes,Quatre Bornes,Plaines Wilhems,Central,-20.272118102376314,57.47648884319396,545000,villa,5,6,173,rent,2005.0,False,9.49624301311778,2,0,60,0,0,0.9677326503289588
PROP1701,Cozy 1 Bedroom Villa in Port Louis,Port Louis,Port Louis,North,-20.166860181467342,57.493452379781,850000,villa,1,1,277,sale,1980.0,False,1.997100938965536,2,1,65,0,0,0.8177918219426333
PROP1702,Charming 5 Bedroom Apartment in Blue Bay,Blue Bay,Grand Port,East,-20.44742948121856,57.723274498204425,130000,apartment,5,2,55,sale,2022.0,False,1.6725968565361282,0,1,70,0,1,27.174723602935714
PROP1703,Cozy 3 Bedroom Villa in Vacoas,Vacoas,Plaines Wilhems,Central,-20.29367645367349,57.48767231057377,765000,villa,3,3,343,rent,1986.0,False,7.336241294004284,2,0,50,0,0,3.4500953373462804
PROP1704,Charming 1 Bedroom Apartment in Tamarin,Tamarin,Black River,West,-20.32163199632746,57.363755407093365,240000,apartment,1,1,95,rent,2000.0,False,3.04239566674519,0,0,80,0,0,14.322404848033319
PROP1705,Luxurious 2 Bedroom Apartment in Tamarin,Tamarin,Black River,West,-20.320892744922265,57.363720381963006,270000,apartment,2,3,94,rent,2024.0,True,1.385853828131664,0,0,80,0,0,14.289299405541367
PROP1706,Charming 4 Bedroom Apartment in Quatre Bornes,Quatre Bornes,Plaines Wilhems,Central,-20.255817962413765,57.47129511357752,175000,apartment,4,4,95,rent,1980.0,False,11.237450480987844,0,0,60,0,0,1.2391755641062587
PROP1707,940 sqm Land in Curepipe,Curepipe,Plaines Wilhems,Central,-20.324767479324308,57.52009386001293,700000,land,0,0,940,sale,0.0,False,13.486427151947844,4,1,55,0,0,1.0270275210688569
PROP1708,542 sqm Land in Curepipe,Curepipe,Plaines Wilhems,Central,-20.31365113033643,57.51083063592926,385000,land,0,0,542,sale,0.0,False,12.431846168731973,4,1,55,0,0,0.7001126322804925
PROP1709,Cozy 3 Bedroom House in Curepipe,Curepipe,Plaines Wilhems,Central,-20.32529528079898,57.52546906356307,265000,house,3,1,190,sale,2012.0,False,5.332620930536548,1,1,55,0,0,1.4101125681359283
PROP1710,Charming 5 Bedroom Villa in Trou aux Biches,Trou aux Biches,Pamplemousses,North,-20.04158906324279,57.5462743793875,1195000,villa,5,4,281,sale,1995.0,False,4.191480307727247,2,1,85,0,1,14.352541796718203
PROP1711,Elegant 1 Bedroom Villa in Flic en Flac,Flic en Flac,Black River,West,-20.27916817229893,57.36452229641991,635000,villa,1,1,161,sale,1987.0,True,3.193240647415653,2,1,85,0,1,12.832018104789007
PROP1712,Spacious 5 Bedroom Villa in Tamarin,Tamarin,Black River,West,-20.323270590678828,57.37109306991343,1085000,villa,5,4,247,rent,2024.0,True,4.506289777197814,2,0,80,0,0,13.686011064947065
PROP1713,825 sqm Land in Mahebourg,Mahebourg,Grand Port,East,-20.409223506829225,57.7083641172233,585000,land,0,0,825,sale,0.0,False,4.362996483391836,4,1,45,0,0,23.658068653401514
PROP1714,Cozy 5 Bedroom Villa in Vacoas,Vacoas,Plaines Wilhems,Central,-20.29134991292131,57.47342975936675,570000,villa,5,5,248,sale,2012.0,False,13.059062807499473,2,1,50,0,0,3.12213883498447
PROP1715,Charming 3 Bedroom House in Trou d'Eau Douce,Trou d'Eau Douce,Flacq,East,-20.225782987092654,57.79433468663387,465000,house,3,3,257,rent,1997.0,True,4.604534103304889,1,0,65,0,0,32.42108255359869
PROP1716,340 sqm Land in Blue Bay,Blue Bay,Grand Port,East,-20.443645693701303,57.70865809353322,370000,land,0,0,340,rent,0.0,False,2.5555167148364664,4,0,70,0,1,25.585130671831106
PROP1717,Modern 1 Bedroom Apartment in Souillac,Souillac,Savanne,South,-20.523173931928078,57.522891942251775,165000,apartment,1,2,105,rent,1986.0,True,7.008285649046991,0,0,40,0,0,22.9847196473893
PROP1718,419 sqm Land in Blue Bay,Blue Bay,Grand Port,East,-20.448070223493517,57.70740355356575,490000,land,0,0,419,rent,0.0,False,1.4436480896045718,4,0,70,0,1,25.745241485169572
PROP1719,Beautiful 4 Bedroom Apartment in Beau Bassin,Beau Bassin,Plaines Wilhems,Central,-20.21192116555372,57.45386825700497,155000,apartment,4,2,101,rent,1989.0,True,8.19032505025766,0,0,55,0,0,6.4035113221548565
PROP1720,Elegant 5 Bedroom Apartment in Port Louis,Port Louis,Port Louis,North,-20.17042026849197,57.50838091554808,185000,apartment,5,5,86,rent,2013.0,False,1.1804162345214897,0,0,65,0,0,1.414902744196212
PROP1721,451 sqm Land in Grand Baie,Grand Baie,Rivière du Rempart,North,-20.008321571217447,57.57296116239813,555000,land,0,0,451,rent,0.0,False,1.5069243470185478,4,0,90,0,1,18.925870939185483
PROP1722,Luxurious 4 Bedroom Villa in Rose Hill,Rose Hill,Plaines Wilhems,Central,-20.235533410444667,57.47107961541345,610000,villa,4,1,228,rent,2018.0,True,11.14649606579852,2,0,55,0,0,3.2614487124598464
PROP1723,Charming 2 Bedroom Condo in Blue Bay,Blue Bay,Grand Port,East,-20.436944442706658,57.71984807927156,425000,condo,2,3,154,rent,2024.0,True,2.5344521356570104,3,0,70,0,1,26.24134896994993
PROP1724,Charming 5 Bedroom House in Port Louis,Port Louis,Port Louis,North,-20.16310535595536,57.48892316918697,320000,house,5,4,162,sale,1983.0,True,2.606835393274087,1,1,65,0,0,1.115481167113058
PROP1725,Luxurious 4 Bedroom Apartment in Grand Baie,Grand Baie,Rivière du Rempart,North,-20.02654016361679,57.57853976279282,205000,apartment,4,4,59,sale,1995.0,False,1.271971161898307,0,1,90,0,1,17.432576371186276
PROP1726,Elegant 2 Bedroom Villa in Rose Hill,Rose Hill,Plaines Wilhems,Central,-20.23918502089056,57.4642008163986,715000,villa,2,2,273,rent,1989.0,False,5.35791355312032,2,0,55,0,0,3.193797868269142
PROP1727,Modern 2 Bedroom Condo in Quatre Bornes,Quatre Bornes,Plaines Wilhems,Central,-20.26223918893564,57.48474260434799,175000,condo,2,1,86,rent,2001.0,False,12.850399358233252,3,0,60,0,0,0.6498489762984127
PROP1728,Beautiful 2 Bedroom Condo in Blue Bay,Blue Bay,Grand Port,East,-20.44289489243588,57.70864115602658,290000,condo,2,2,102,sale,2003.0,False,4.440141131110455,3,1,70,0,1,25.537576164752398
PROP1729,Charming 3 Bedroom House in Vacoas,Vacoas,Plaines Wilhems,Central,-20.29084859878737,57.474182412917806,420000,house,3,4,263,sale,1981.0,False,14.78169669181226,1,1,50,0,0,3.0516105769110564
PROP1730,Modern 1 Bedroom Villa in Trou d'Eau Douce,Trou d'Eau Douce,Flacq,East,-20.218622154320773,57.78683658111365,1220000,villa,1,2,360,rent,2011.0,True,4.898608947316665,2,0,65,0,0,31.89183683570239
PROP1731,622 sqm Land in Trou aux Biches,Trou aux Biches,Pamplemousses,North,-20.02685080700901,57.53737023214965,780000,land,0,0,622,rent,0.0,False,2.755081994139177,4,0,85,0,1,15.586804533508822
PROP1732,464 sqm Land in Quatre Bornes,Quatre Bornes,Plaines Wilhems,Central,-20.259432019289434,57.47391798889458,370000,land,0,0,464,rent,0.0,False,7.902638946671568,4,0,60,0,0,0.7522860265731127
PROP1733,Spacious 1 Bedroom Villa in Beau Bassin,Beau Bassin,Plaines Wilhems,Central,-20.21797765874573,57.46077240716444,1160000,villa,1,1,379,rent,1995.0,False,8.215654297513096,2,0,55,0,0,5.478035690933055
PROP1734,Charming 3 Bedroom Condo in Flic en Flac,Flic en Flac,Black River,West,-20.280626859141044,57.353704788082325,395000,condo,3,4,113,rent,2014.0,True,3.520193935104643,3,0,85,0,1,14.043628739854944
PROP1735,Spacious 5 Bedroom Condo in Rose Hill,Rose Hill,Plaines Wilhems,Central,-20.23453409159257,57.47749766464468,405000,condo,5,6,194,sale,2021.0,False,13.514870057585272,3,1,55,0,0,3.253381167712911
PROP1736,Elegant 2 Bedroom Condo in Rose Hill,Rose Hill,Plaines Wilhems,Central,-20.23937322085406,57.46988095147905,340000,condo,2,1,154,rent,2009.0,True,14.588221703830532,3,0,55,0,0,2.898053326930813
PROP1737,Cozy 5 Bedroom Condo in Trou d'Eau Douce,Trou d'Eau Douce,Flacq,East,-20.22987841900705,57.783845328512506,290000,condo,5,1,132,sale,1997.0,False,1.1765913365143046,3,1,65,0,0,31.17331417847207
PROP1738,Spacious 5 Bedroom Apartment in Curepipe,Curepipe,Plaines Wilhems,Central,-20.31497001335961,57.51026260916914,110000,apartment,5,6,64,rent,1986.0,False,5.414185495164459,0,0,55,0,0,0.716576915780665
PROP1739,Modern 3 Bedroom Villa in Beau Bassin,Beau Bassin,Plaines Wilhems,Central,-20.212431453146863,57.46381433897991,595000,villa,3,4,212,rent,2007.0,True,13.35698475844002,2,0,55,0,0,5.948998414429807
PROP1740,Beautiful 2 Bedroom Apartment in Mahebourg,Mahebourg,Grand Port,East,-20.401075133198027,57.70590613156584,155000,apartment,2,1,87,rent,1987.0,False,3.753591109372001,0,0,45,0,0,23.028313631358035
PROP1741,Luxurious 4 Bedroom Villa in Rose Hill,Rose Hill,Plaines Wilhems,Central,-20.24804488411525,57.46524205505671,930000,villa,4,5,347,rent,1998.0,True,13.023282116876066,2,0,55,0,0,2.3290601671280635
PROP1742,Spacious 2 Bedroom Villa in Belle Mare,Belle Mare,Flacq,East,-20.199579152331584,57.778075744809,880000,villa,2,2,232,sale,2019.0,True,1.0464931354945044,2,1,75,0,1,31.269473288485273
PROP1743,Charming 2 Bedroom Condo in Quatre Bornes,Quatre Bornes,Plaines Wilhems,Central,-20.26660473937866,57.48857110165347,235000,condo,2,2,106,rent,1998.0,False,5.788682492274714,3,0,60,0,0,1.0964211726904067
PROP1744,Beautiful 4 Bedroom Apartment in Port Louis,Port Louis,Port Louis,North,-20.16286056033494,57.500945976962605,300000,apartment,4,5,125,sale,2023.0,False,3.398791768575522,0,1,65,0,0,0.25088695997433685
PROP1745,Elegant 4 Bedroom Condo in Grand Baie,Grand Baie,Rivière du Rempart,North,-20.018745921770297,57.587646112526585,255000,condo,4,5,86,rent,2006.0,True,1.7897153279263214,3,0,90,0,1,18.69582809676775
PROP1746,Modern 4 Bedroom House in Rose Hill,Rose Hill,Plaines Wilhems,Central,-20.248003174638814,57.47483413957816,500000,house,4,2,271,sale,2021.0,True,13.35953812827149,1,1,55,0,0,1.8162573438100604
PROP1747,Beautiful 5 Bedroom Condo in Rose Hill,Rose Hill,Plaines Wilhems,Central,-20.23260972014722,57.4659876381208,185000,condo,5,5,104,sale,1994.0,True,12.857301962490478,3,1,55,0,0,3.755619987827881
PROP1748,Modern 3 Bedroom Condo in Rose Hill,Rose Hill,Plaines Wilhems,Central,-20.249180962042026,57.47600916820587,245000,condo,3,1,122,sale,2024.0,True,6.624372130833018,3,1,55,0,0,1.658584835727906
PROP1749,202 sqm Land in Quatre Bornes,Quatre Bornes,Plaines Wilhems,Central,-20.25930678181906,57.486229710957176,140000,land,0,0,202,sale,0.0,False,11.958240446343304,4,1,60,0,0,0.9354461231870707
PROP1750,675 sqm Land in Trou d'Eau Douce,Trou d'Eau Douce,Flacq,East,-20.219936874582714,57.79667176104248,620000,land,0,0,675,sale,0.0,False,2.362737213900744,4,1,65,0,0,32.87301696484058
PROP1751,Modern 1 Bedroom Apartment in Quatre Bornes,Quatre Bornes,Plaines Wilhems,Central,-20.257892267309785,57.47700325126748,125000,apartment,1,2,76,rent,2004.0,True,10.376938982847044,0,0,60,0,0,0.6958350943640859
PROP1752,Beautiful 1 Bedroom Apartment in Beau Bassin,Beau Bassin,Plaines Wilhems,Central,-20.22206542784761,57.45639868283595,135000,apartment,1,1,78,rent,2005.0,False,6.075326508468212,0,0,55,0,0,5.273521467616782
PROP1753,Charming 4 Bedroom House in Port Louis,Port Louis,Port Louis,North,-20.1558438409866,57.506704253246525,460000,house,4,1,242,rent,1997.0,True,1.2127802820688331,1,0,65,0,0,1.0965060191548945
PROP1754,994 sqm Land in Rose Hill,Rose Hill,Plaines Wilhems,Central,-20.23457514894029,57.46999849002461,800000,land,0,0,994,rent,0.0,False,5.361315899373059,4,0,55,0,0,3.39763258431369
PROP1755,726 sqm Land in Souillac,Souillac,Savanne,South,-20.527796915125723,57.523864807532384,360000,land,0,0,726,rent,0.0,False,13.178789666074117,4,0,40,0,0,23.501096554768118
PROP1756,Charming 5 Bedroom House in Tamarin,Tamarin,Black River,West,-20.324660739856515,57.37295705629051,370000,house,5,2,186,rent,1990.0,True,4.012846188170888,1,0,80,0,0,13.581227247425304
PROP1757,Elegant 4 Bedroom House in Souillac,Souillac,Savanne,South,-20.52965628642796,57.52586529857872,340000,house,4,4,275,rent,1988.0,True,12.42104727587071,1,0,40,0,0,23.715957736171774
PROP1758,Cozy 4 Bedroom Condo in Tamarin,Tamarin,Black River,West,-20.329019157398683,57.37784758941455,470000,condo,4,4,182,rent,2012.0,False,1.1205306212552082,3,0,80,0,0,13.368745782915589
PROP1759,Modern 5 Bedroom Villa in Beau Bassin,Beau Bassin,Plaines Wilhems,Central,-20.217301591418995,57.45275947760101,755000,villa,5,6,247,sale,2004.0,False,12.29309002457899,2,1,55,0,0,5.931935047991969
PROP1760,783 sqm Land in Quatre Bornes,Quatre Bornes,Plaines Wilhems,Central,-20.260036900839697,57.47655097062094,625000,land,0,0,783,rent,0.0,False,13.918782266830688,4,0,60,0,0,0.5045125968636197
PROP1761,Modern 1 Bedroom House in Port Louis,Port Louis,Port Louis,North,-20.15679117533525,57.50607931203629,450000,house,1,2,205,rent,2012.0,True,1.8820176471949503,1,0,65,0,0,0.9780769945624261
PROP1762,Charming 2 Bedroom House in Vacoas,Vacoas,Plaines Wilhems,Central,-20.306731953454847,57.48673500178752,370000,house,2,1,230,rent,1987.0,True,5.26057768365693,1,0,50,0,0,3.477617818698111
PROP1763,Luxurious 5 Bedroom Apartment in Mahebourg,Mahebourg,Grand Port,East,-20.40317820713793,57.70437347233052,160000,apartment,5,2,96,sale,1991.0,True,4.043441351728907,0,1,45,0,0,22.970319034752002
PROP1764,Elegant 3 Bedroom Condo in Rose Hill,Rose Hill,Plaines Wilhems,Central,-20.232794247056503,57.468289708520885,330000,condo,3,1,179,sale,2014.0,False,14.26724620203927,3,1,55,0,0,3.6448234176956995
PROP1765,Beautiful 3 Bedroom Villa in Blue Bay,Blue Bay,Grand Port,East,-20.4306881847412,57.70945687267444,1060000,villa,3,1,288,rent,2021.0,True,4.322414996996665,2,0,70,0,1,24.895030355586716
PROP1766,310 sqm Land in Mahebourg,Mahebourg,Grand Port,East,-20.399518522249878,57.700166372037245,215000,land,0,0,310,sale,0.0,False,2.770652932905077,4,1,45,0,0,22.376506792005024
PROP1767,Luxurious 4 Bedroom Apartment in Rose Hill,Rose Hill,Plaines Wilhems,Central,-20.23709700909966,57.47472196396436,210000,apartment,4,3,110,rent,2012.0,True,11.889913509897331,0,0,55,0,0,3.003605284116963
PROP1768,661 sqm Land in Beau Bassin,Beau Bassin,Plaines Wilhems,Central,-20.2151319553752,57.45420568762496,415000,land,0,0,661,sale,0.0,False,5.377162881209154,4,1,55,0,0,6.067858789892928
PROP1769,944 sqm Land in Trou aux Biches,Trou aux Biches,Pamplemousses,North,-20.04169950086181,57.55320623384273,1145000,land,0,0,944,sale,0.0,False,2.8191707842693763,4,1,85,0,1,14.64078093213477
PROP1770,Cozy 5 Bedroom House in Grand Baie,Grand Baie,Rivière du Rempart,North,-20.0212664570333,57.58249784549485,765000,house,5,5,291,rent,2011.0,False,4.731037825762551,1,0,90,0,1,18.16008618799341
PROP1771,Modern 4 Bedroom Villa in Port Louis,Port Louis,Port Louis,North,-20.15250166208393,57.496197355119634,1030000,villa,4,3,280,rent,1987.0,False,4.303786718414775,2,0,65,0,0,1.0854928588578105
PROP1772,Charming 4 Bedroom House in Tamarin,Tamarin,Black River,West,-20.326761111677992,57.37947383206237,720000,house,4,5,282,rent,2021.0,True,3.7182348279524544,1,0,80,0,0,13.081751431282267
PROP1773,Beautiful 5 Bedroom Condo in Tamarin,Tamarin,Black River,West,-20.3352146935039,57.36469123835268,545000,condo,5,1,186,sale,2022.0,False,1.341174901768396,3,1,80,0,0,14.970366833285524
PROP1774,Spacious 2 Bedroom House in Flic en Flac,Flic en Flac,Black River,West,-20.28172166858067,57.36468805844055,670000,house,2,1,236,rent,2009.0,False,1.5669344706824533,1,0,85,0,1,12.854585303943608
PROP1775,647 sqm Land in Rose Hill,Rose Hill,Plaines Wilhems,Central,-20.24497593856517,57.47859354070107,510000,land,0,0,647,sale,0.0,False,9.351223165147516,4,1,55,0,0,2.090226938313329
PROP1776,459 sqm Land in Mahebourg,Mahebourg,Grand Port,East,-20.406147648082083,57.70612701024987,285000,land,0,0,459,sale,0.0,False,2.8659793872125787,4,1,45,0,0,23.286484419662642
PROP1777,Modern 3 Bedroom Condo in Port Louis,Port Louis,Port Louis,North,-20.15375248125984,57.49459926507735,355000,condo,3,2,149,sale,2009.0,True,1.8416373795421863,3,1,65,0,0,1.022637057188526
PROP1778,Modern 3 Bedroom House in Vacoas,Vacoas,Plaines Wilhems,Central,-20.302984982087857,57.48766211261249,205000,house,3,2,120,rent,1983.0,True,13.612894903126852,1,0,50,0,0,3.531192504583433
PROP1779,Charming 3 Bedroom Condo in Curepipe,Curepipe,Plaines Wilhems,Central,-20.3235650594902,57.5248789649978,245000,condo,3,2,143,sale,2021.0,True,13.791548300520963,3,1,55,0,0,1.2299749811211447
PROP1780,Luxurious 2 Bedroom Villa in Mahebourg,Mahebourg,Grand Port,East,-20.39953673128796,57.692144747709335,845000,villa,2,2,366,rent,2010.0,True,2.325553174104247,2,0,45,0,0,21.569721877762493
PROP1781,800 sqm Land in Beau Bassin,Beau Bassin,Plaines Wilhems,Central,-20.22687840179869,57.47009386891407,520000,land,0,0,800,rent,0.0,False,5.924835129136463,4,0,55,0,0,4.218459764511588
PROP1782,Elegant 2 Bedroom Villa in Blue Bay,Blue Bay,Grand Port,East,-20.4484513045375,57.72160055323626,1350000,villa,2,2,310,rent,1991.0,False,3.3904999275208256,2,0,70,0,1,27.079367259672033
PROP1783,Beautiful 4 Bedroom Villa in Beau Bassin,Beau Bassin,Plaines Wilhems,Central,-20.213056497418997,57.46986689752013,850000,villa,4,2,363,rent,1984.0,False,10.670021917903084,2,0,55,0,0,5.725010743721887
PROP1784,506 sqm Land in Belle Mare,Belle Mare,Flacq,East,-20.18812180093628,57.784740960832735,485000,land,0,0,506,sale,0.0,False,1.6524241795685763,4,1,75,0,1,31.861570732186756
PROP1785,Cozy 4 Bedroom Condo in Trou aux Biches,Trou aux Biches,Pamplemousses,North,-20.03094113717186,57.54467562230765,345000,condo,4,4,113,rent,1998.0,True,1.743105930852027,3,0,85,0,1,15.398877357597748
PROP1786,Charming 4 Bedroom Apartment in Port Louis,Port Louis,Port Louis,North,-20.17038664037081,57.50018548458696,270000,apartment,4,5,127,rent,1998.0,False,1.9750845803825936,0,0,65,0,0,0.9527624424520574
PROP1787,696 sqm Land in Vacoas,Vacoas,Plaines Wilhems,Central,-20.294538251188413,57.480832224534566,520000,land,0,0,696,sale,0.0,False,6.348296447169637,4,1,50,0,0,3.4173593777004254
PROP1788,Luxurious 1 Bedroom Apartment in Grand Baie,Grand Baie,Rivière du Rempart,North,-20.023943287503677,57.58897223423045,440000,apartment,1,1,128,rent,1999.0,False,4.634322562535218,0,0,90,0,1,18.288091964315228
PROP1789,Beautiful 5 Bedroom Apartment in Blue Bay,Blue Bay,Grand Port,East,-20.44856225098333,57.71666421996275,425000,apartment,5,3,147,rent,2001.0,True,1.0414236479562038,0,0,70,0,1,26.6273840815062
PROP1790,Cozy 4 Bedroom Apartment in Trou d'Eau Douce,Trou d'Eau Douce,Flacq,East,-20.21833160023664,57.78905840047901,285000,apartment,4,3,139,sale,2014.0,True,3.4573882668833265,0,1,65,0,0,32.134797851269234
PROP1791,Charming 3 Bedroom House in Trou aux Biches,Trou aux Biches,Pamplemousses,North,-20.03570645050933,57.554520824149165,485000,house,3,4,209,rent,2002.0,False,3.614469174588237,1,0,85,0,1,15.307736305440967
PROP1792,903 sqm Land in Port Louis,Port Louis,Port Louis,North,-20.15949415137694,57.49024545869631,820000,land,0,0,903,rent,0.0,False,3.096228423533077,4,0,65,0,0,0.9970815133042735
PROP1793,Modern 4 Bedroom House in Belle Mare,Belle Mare,Flacq,East,-20.19803183323232,57.78187425159838,400000,house,4,2,164,rent,1992.0,False,1.1558121514278588,1,0,75,0,1,31.665157458665526
PROP1794,364 sqm Land in Curepipe,Curepipe,Plaines Wilhems,Central,-20.308407012336392,57.51192720584984,260000,land,0,0,364,sale,0.0,False,13.874897007707563,4,1,55,0,0,1.0086087052008497
PROP1795,Cozy 4 Bedroom Condo in Vacoas,Vacoas,Plaines Wilhems,Central,-20.292504909652514,57.48491515515065,220000,condo,4,3,121,sale,1990.0,False,13.876761590067089,3,1,50,0,0,3.250969750169418
PROP1796,562 sqm Land in Port Louis,Port Louis,Port Louis,North,-20.161926497957545,57.49345526175369,480000,land,0,0,562,sale,0.0,False,3.369364570810743,4,1,65,0,0,0.6043731024589782
PROP1797,Spacious 2 Bedroom Condo in Trou d'Eau Douce,Trou d'Eau Douce,Flacq,East,-20.227087742041167,57.78552888085915,490000,condo,2,3,195,rent,2019.0,True,2.298012767408665,3,0,65,0,0,31.447249632913344
PROP1798,Beautiful 2 Bedroom Condo in Quatre Bornes,Quatre Bornes,Plaines Wilhems,Central,-20.26389607520326,57.48095871812792,365000,condo,2,2,190,rent,2010.0,False,12.16803285889385,3,0,60,0,0,0.2065931428581441
PROP1799,Beautiful 3 Bedroom Villa in Rose Hill,Rose Hill,Plaines Wilhems,Central,-20.237685385105586,57.47629708087294,910000,villa,3,3,313,sale,2013.0,True,5.451588687937398,2,1,55,0,0,2.915371135792664
PROP1800,Spacious 1 Bedroom Condo in Beau Bassin,Beau Bassin,Plaines Wilhems,Central,-20.22406331076265,57.46013113495897,175000,condo,1,2,80,rent,2010.0,True,9.62932543677942,3,0,55,0,0,4.887558665857415
PROP1801,Luxurious 3 Bedroom Condo in Belle Mare,Belle Mare,Flacq,East,-20.19016269369573,57.77894828431257,245000,condo,3,3,106,sale,2008.0,False,2.500446167378287,3,1,75,0,1,31.243260801108313
PROP1802,684 sqm Land in Trou aux Biches,Trou aux Biches,Pamplemousses,North,-20.02688248918878,57.54591733460283,770000,land,0,0,684,sale,0.0,False,2.416646468173623,4,1,85,0,1,15.869645574395976
PROP1803,731 sqm Land in Trou d'Eau Douce,Trou d'Eau Douce,Flacq,East,-20.221263253284384,57.78384662370184,725000,land,0,0,731,rent,0.0,False,4.803969456368336,4,0,65,0,0,31.48053615854958
PROP1804,Modern 1 Bedroom Apartment in Tamarin,Tamarin,Black River,West,-20.33181797899661,57.36477164382825,160000,apartment,1,2,57,sale,2015.0,False,4.038652857700994,0,1,80,0,0,14.766512561754984
PROP1805,Spacious 1 Bedroom House in Vacoas,Vacoas,Plaines Wilhems,Central,-20.29413869262852,57.47691959152749,395000,house,1,2,286,rent,2017.0,False,8.653815106147821,1,0,50,0,0,3.376280727829505
PROP1806,Elegant 1 Bedroom Villa in Beau Bassin,Beau Bassin,Plaines Wilhems,Central,-20.229125233200904,57.46833816856136,570000,villa,1,2,221,sale,2002.0,False,6.114648833233158,2,1,55,0,0,4.030013132510777
PROP1807,356 sqm Land in Curepipe,Curepipe,Plaines Wilhems,Central,-20.30680565802759,57.50668365339718,225000,land,0,0,356,rent,0.0,False,6.772879407254226,4,0,55,0,0,1.51622745959344
PROP1808,239 sqm Land in Port Louis,Port Louis,Port Louis,North,-20.163881212849013,57.49332619779223,185000,land,0,0,239,rent,0.0,False,2.842778777614876,4,0,65,0,0,0.6566142623018164
PROP1809,Elegant 1 Bedroom Apartment in Vacoas,Vacoas,Plaines Wilhems,Central,-20.30515145340229,57.47750011689752,215000,apartment,1,1,136,sale,1991.0,False,11.297944618188744,0,1,50,0,0,4.510031546986009
PROP1810,Charming 4 Bedroom House in Mahebourg,Mahebourg,Grand Port,East,-20.400577505412016,57.70260562369297,435000,house,4,5,274,rent,1998.0,False,4.8100694978057685,1,0,45,0,0,22.671639397799364
PROP1811,Charming 3 Bedroom Apartment in Grand Baie,Grand Baie,Rivière du Rempart,North,-20.020543702758317,57.57613241953608,275000,apartment,3,4,80,sale,2010.0,True,4.765267558361423,0,1,90,0,1,17.879770776602175
PROP1812,Elegant 3 Bedroom Apartment in Vacoas,Vacoas,Plaines Wilhems,Central,-20.29097819692221,57.47168336592984,200000,apartment,3,1,136,sale,1997.0,True,14.959681935631105,0,1,50,0,0,3.1270905517695167
PROP1813,Cozy 5 Bedroom Apartment in Tamarin,Tamarin,Black River,West,-20.31917763611872,57.37287961002691,145000,apartment,5,3,52,rent,1989.0,True,1.822464613655819,0,0,80,0,0,13.29660184469848
PROP1814,841 sqm Land in Curepipe,Curepipe,Plaines Wilhems,Central,-20.31999245177687,57.52535311141712,600000,land,0,0,841,rent,0.0,False,6.433958222853065,4,0,55,0,0,1.0588704770473396
PROP1815,Elegant 4 Bedroom Villa in Beau Bassin,Beau Bassin,Plaines Wilhems,Central,-20.22928616122224,57.4621320747777,460000,villa,4,4,172,rent,2007.0,True,14.818284089110502,2,0,55,0,0,4.268979120937909
PROP1816,Modern 5 Bedroom House in Vacoas,Vacoas,Plaines Wilhems,Central,-20.294521439432327,57.485430316247246,435000,house,5,5,297,sale,2002.0,False,9.817173137158903,1,1,50,0,0,3.481721173934294
PROP1817,Luxurious 2 Bedroom Villa in Quatre Bornes,Quatre Bornes,Plaines Wilhems,Central,-20.26248178387177,57.48458201209285,645000,villa,2,1,255,rent,1982.0,True,8.070711896169215,2,0,60,0,0,0.6258485778713957
PROP1818,Charming 3 Bedroom Villa in Tamarin,Tamarin,Black River,West,-20.33513672429136,57.37847728651412,775000,villa,3,1,187,rent,2022.0,False,2.943547797629166,2,0,80,0,0,13.691236360019074
PROP1819,Beautiful 2 Bedroom Apartment in Port Louis,Port Louis,Port Louis,North,-20.163495753793438,57.501514478608605,250000,apartment,2,1,121,sale,1989.0,True,2.382045853553752,0,1,65,0,0,0.3399922673219025
PROP1820,Elegant 1 Bedroom House in Trou aux Biches,Trou aux Biches,Pamplemousses,North,-20.025748464529094,57.53514454379592,570000,house,1,2,233,rent,2002.0,False,1.7293547089922523,1,0,85,0,1,15.639150620203822
PROP1821,Beautiful 4 Bedroom House in Beau Bassin,Beau Bassin,Plaines Wilhems,Central,-20.21906707695521,57.452109539099055,315000,house,4,3,178,sale,2002.0,True,14.663703517778089,1,1,55,0,0,5.799173072733127
PROP1822,Beautiful 3 Bedroom House in Quatre Bornes,Quatre Bornes,Plaines Wilhems,Central,-20.258438174117643,57.47081487462352,250000,house,3,1,148,rent,1982.0,True,11.505856846323915,1,0,60,0,0,1.0954326713290115
PROP1823,536 sqm Land in Rose Hill,Rose Hill,Plaines Wilhems,Central,-20.249763763740155,57.46796811982095,440000,land,0,0,536,rent,0.0,False,14.416794389952592,4,0,55,0,0,1.9885261501251823
PROP1824,Cozy 2 Bedroom House in Flic en Flac,Flic en Flac,Black River,West,-20.27883853262441,57.3554373269421,515000,house,2,3,230,rent,2016.0,True,1.4140978231677046,1,0,85,0,1,13.82768401449936
PROP1825,Beautiful 2 Bedroom Condo in Trou aux Biches,Trou aux Biches,Pamplemousses,North,-20.041149675330548,57.55263879205172,485000,condo,2,1,143,rent,1997.0,False,2.4003109962438423,3,0,85,0,1,14.670697741532713
PROP1826,Luxurious 5 Bedroom House in Beau Bassin,Beau Bassin,Plaines Wilhems,Central,-20.21244842012281,57.4539546409756,380000,house,5,3,215,sale,1981.0,False,9.769095820548817,1,1,55,0,0,6.346709615041386
PROP1827,651 sqm Land in Quatre Bornes,Quatre Bornes,Plaines Wilhems,Central,-20.267814331021157,57.48242521950785,460000,land,0,0,651,rent,0.0,False,13.948721650412354,4,0,60,0,0,0.5786064742770824
PROP1828,Cozy 4 Bedroom House in Vacoas,Vacoas,Plaines Wilhems,Central,-20.290853683658607,57.48055492631188,300000,house,4,1,208,rent,1991.0,False,8.154966868667579,1,0,50,0,0,3.007298338161597
PROP1829,709 sqm Land in Port Louis,Port Louis,Port Louis,North,-20.164181684997036,57.50374528164519,545000,land,0,0,709,sale,0.0,False,1.22395307375676,4,1,65,0,0,0.5944756341604748
PROP1830,Charming 4 Bedroom Villa in Curepipe,Curepipe,Plaines Wilhems,Central,-20.315858941434676,57.52244604837061,495000,villa,4,2,208,rent,2017.0,False,11.054653302810312,2,0,55,0,0,0.6500147347252023
PROP1831,Spacious 1 Bedroom Apartment in Belle Mare,Belle Mare,Flacq,East,-20.194883510317897,57.78628833734932,255000,apartment,1,1,93,rent,2003.0,True,2.420181681600889,0,0,75,0,1,32.10951402035075
PROP1832,Modern 1 Bedroom Villa in Grand Baie,Grand Baie,Rivière du Rempart,North,-20.01104616436206,57.577044084836906,1490000,villa,1,2,386,rent,2023.0,False,4.051696860949338,2,0,90,0,1,18.8580401131393
PROP1833,Luxurious 5 Bedroom Villa in Belle Mare,Belle Mare,Flacq,East,-20.20470004979074,57.77946933438295,980000,villa,5,6,257,sale,2008.0,True,4.651306569361006,2,1,75,0,1,31.503473102254574
PROP1834,Spacious 4 Bedroom House in Blue Bay,Blue Bay,Grand Port,East,-20.445543713669263,57.715954999298056,540000,house,4,5,264,sale,2004.0,False,2.487939938904684,1,1,70,0,1,26.377909776669643
PROP1835,Modern 5 Bedroom Condo in Vacoas,Vacoas,Plaines Wilhems,Central,-20.299601620809405,57.48417336303258,155000,condo,5,1,80,sale,2012.0,True,10.668838565481876,3,1,50,0,0,4.013682435914336
PROP1836,Elegant 2 Bedroom House in Blue Bay,Blue Bay,Grand Port,East,-20.436099045245754,57.72242647828861,270000,house,2,2,126,rent,1980.0,False,4.988346280325803,1,0,70,0,1,26.440451686301294
PROP1837,534 sqm Land in Tamarin,Tamarin,Black River,West,-20.32966600276275,57.37415354951045,550000,land,0,0,534,sale,0.0,False,3.685399030081793,4,1,80,0,0,13.753293193423252
PROP1838,Luxurious 4 Bedroom Condo in Grand Baie,Grand Baie,Rivière du Rempart,North,-20.01909479630213,57.58338889539741,725000,condo,4,4,196,sale,1996.0,False,2.9349195717451475,3,1,90,0,1,18.41787369299721
PROP1839,Spacious 3 Bedroom House in Grand Baie,Grand Baie,Rivière du Rempart,North,-20.024591749568728,57.58063088393438,700000,house,3,1,226,rent,2004.0,True,1.1354246553969185,1,0,90,0,1,17.73691539032071
PROP1840,Elegant 2 Bedroom House in Flic en Flac,Flic en Flac,Black River,West,-20.273926541685903,57.35559858055596,355000,house,2,3,148,rent,2022.0,True,4.765654934224219,1,0,85,0,1,13.754663636248806
PROP1841,Charming 2 Bedroom Apartment in Tamarin,Tamarin,Black River,West,-20.335310107919994,57.37482383818288,150000,apartment,2,2,67,rent,1982.0,False,2.5805165693332643,0,0,80,0,0,14.034901389625743
PROP1842,Cozy 1 Bedroom Apartment in Blue Bay,Blue Bay,Grand Port,East,-20.43314474274233,57.70562629255532,320000,apartment,1,1,121,sale,1986.0,False,4.4038825899091485,0,1,70,0,1,24.672733867203267
PROP1843,Modern 5 Bedroom Condo in Grand Baie,Grand Baie,Rivière du Rempart,North,-20.02018116987547,57.581215670112414,285000,condo,5,3,82,rent,2001.0,False,3.649655931660609,3,0,90,0,1,18.191845624508307
PROP1844,Luxurious 1 Bedroom Apartment in Flic en Flac,Flic en Flac,Black River,West,-20.278538644475383,57.36624939778426,355000,apartment,1,1,142,sale,1988.0,False,4.56990228868664,0,1,85,0,1,12.632797820073417
PROP1845,Elegant 2 Bedroom Villa in Mahebourg,Mahebourg,Grand Port,East,-20.4037363500229,57.70694138212777,840000,villa,2,3,399,rent,2000.0,False,2.427835278174302,2,0,45,0,0,23.255083954831512
PROP1846,Spacious 5 Bedroom Condo in Souillac,Souillac,Savanne,South,-20.528862056907982,57.51858002692625,270000,condo,5,2,156,rent,2023.0,False,9.82539709356028,3,0,40,0,0,23.606511458411283
PROP1847,Luxurious 1 Bedroom House in Blue Bay,Blue Bay,Grand Port,East,-20.43735807001208,57.718522545496654,575000,house,1,2,269,rent,1996.0,False,2.8079397749104933,1,0,70,0,1,26.138553847487167
PROP1848,Luxurious 3 Bedroom Villa in Belle Mare,Belle Mare,Flacq,East,-20.193597996172183,57.78324026650598,710000,villa,3,4,185,rent,2020.0,False,4.913570942843748,2,0,75,0,1,31.757282371200418
PROP1849,Elegant 4 Bedroom Condo in Souillac,Souillac,Savanne,South,-20.52935980446904,57.51770956529967,155000,condo,4,2,98,sale,2011.0,False,13.66721308509628,3,1,40,0,0,23.661058842136335
PROP1850,Cozy 5 Bedroom Condo in Blue Bay,Blue Bay,Grand Port,East,-20.440854925125905,57.71719886603383,580000,condo,5,5,186,rent,1982.0,True,1.2934026672230403,3,0,70,0,1,26.215454324382634
PROP1851,Charming 1 Bedroom Condo in Flic en Flac,Flic en Flac,Black River,West,-20.279497246832765,57.36269881604121,615000,condo,1,1,191,rent,1995.0,True,3.502703180936793,3,0,85,0,1,13.037487119843265
PROP1852,Elegant 2 Bedroom Villa in Mahebourg,Mahebourg,Grand Port,East,-20.40903341190176,57.70648204865341,440000,villa,2,1,175,rent,1987.0,True,3.792837458849152,2,0,45,0,0,23.46100862183074
PROP1853,Luxurious 4 Bedroom Villa in Trou aux Biches,Trou aux Biches,Pamplemousses,North,-20.032275512242,57.54373970845506,865000,villa,4,5,198,rent,1988.0,True,2.233073619219549,2,0,85,0,1,15.224857792684302
PROP1854,Beautiful 1 Bedroom Villa in Port Louis,Port Louis,Port Louis,North,-20.166464567211605,57.50383963417762,1205000,villa,1,1,352,rent,1981.0,True,4.146481865678805,2,0,65,0,0,0.7465545083917754
PROP1855,435 sqm Land in Vacoas,Vacoas,Plaines Wilhems,Central,-20.28853257974301,57.47064041546319,320000,land,0,0,435,rent,0.0,False,7.590706378804284,4,0,50,0,0,2.901466688286975
PROP1856,Beautiful 4 Bedroom Apartment in Quatre Bornes,Quatre Bornes,Plaines Wilhems,Central,-20.25775962989043,57.48739563725938,125000,apartment,4,3,75,rent,2018.0,False,7.909394711005958,0,0,60,0,0,1.1390550912129478
PROP1857,Elegant 1 Bedroom Apartment in Flic en Flac,Flic en Flac,Black River,West,-20.27053766396007,57.35779101568492,310000,apartment,1,2,116,rent,1984.0,False,2.3219757971654733,0,0,85,0,1,13.486050415645483
PROP1858,856 sqm Land in Grand Baie,Grand Baie,Rivière du Rempart,North,-20.019497513381054,57.58290289485656,1115000,land,0,0,856,sale,0.0,False,4.988476916897881,4,1,90,0,1,18.351947441121496
PROP1859,Spacious 5 Bedroom Villa in Vacoas,Vacoas,Plaines Wilhems,Central,-20.30202398701455,57.47550332075159,460000,villa,5,5,176,sale,1997.0,True,13.914006263998589,2,1,50,0,0,4.261603970256729
PROP1860,269 sqm Land in Rose Hill,Rose Hill,Plaines Wilhems,Central,-20.234746553459438,57.46202297293415,215000,land,0,0,269,rent,0.0,False,13.022193818659376,4,0,55,0,0,3.7407619376406305
PROP1861,450 sqm Land in Trou d'Eau Douce,Trou d'Eau Douce,Flacq,East,-20.226808337438158,57.77996000242819,435000,land,0,0,450,sale,0.0,False,3.962614101816794,4,1,65,0,0,30.871045774373204
PROP1862,728 sqm Land in Vacoas,Vacoas,Plaines Wilhems,Central,-20.288891590405463,57.48554713805675,500000,land,0,0,728,sale,0.0,False,13.449214338977184,4,1,50,0,0,2.875635973363349
PROP1863,Beautiful 1 Bedroom House in Grand Baie,Grand Baie,Rivière du Rempart,North,-20.021924009783937,57.57739750035909,565000,house,1,2,201,sale,2010.0,True,1.0860279614493082,1,1,90,0,1,17.813731312063187
PROP1864,Modern 5 Bedroom Condo in Blue Bay,Blue Bay,Grand Port,East,-20.43916995909582,57.71159316673391,590000,condo,5,1,195,sale,1989.0,False,4.483938487368237,3,1,70,0,1,25.58879750190392
PROP1865,Spacious 1 Bedroom Condo in Rose Hill,Rose Hill,Plaines Wilhems,Central,-20.23416393041583,57.48000908424534,240000,condo,1,2,127,rent,1983.0,False,7.704011445812426,3,0,55,0,0,3.291151038051924
PROP1866,Beautiful 1 Bedroom House in Souillac,Souillac,Savanne,South,-20.52632736819396,57.520504110165234,225000,house,1,1,190,sale,2014.0,False,6.237785340725166,1,1,40,0,0,23.328163343424134
PROP1867,Spacious 1 Bedroom Villa in Grand Baie,Grand Baie,Rivière du Rempart,North,-20.01279812551981,57.59151730837088,825000,villa,1,2,203,sale,1993.0,False,4.702854915039838,2,1,90,0,1,19.48337275386215
PROP1868,528 sqm Land in Vacoas,Vacoas,Plaines Wilhems,Central,-20.304186447303245,57.48109282636195,390000,land,0,0,528,sale,0.0,False,10.670860137452776,4,1,50,0,0,4.160775188322368
PROP1869,Spacious 3 Bedroom House in Belle Mare,Belle Mare,Flacq,East,-20.19833477939488,57.78950783438196,710000,house,3,4,295,rent,1983.0,True,4.4984145817986505,1,0,75,0,1,32.5100044470691
PROP1870,Beautiful 3 Bedroom House in Curepipe,Curepipe,Plaines Wilhems,Central,-20.314452676081928,57.51952776460261,395000,house,3,2,278,rent,2019.0,True,8.488661670959758,1,0,55,0,0,0.37845867029797986
PROP1871,953 sqm Land in Blue Bay,Blue Bay,Grand Port,East,-20.441963851142948,57.70686645513675,1025000,land,0,0,953,sale,0.0,False,1.2871286303229827,4,1,70,0,1,25.31624337833346
PROP1872,Charming 5 Bedroom Apartment in Trou d'Eau Douce,Trou d'Eau Douce,Flacq,East,-20.23208576419803,57.78438915208615,120000,apartment,5,5,62,sale,1996.0,True,3.57545084302181,0,1,65,0,0,31.1564631656762
PROP1873,Luxurious 3 Bedroom House in Flic en Flac,Flic en Flac,Black River,West,-20.28103377335708,57.365748343440416,510000,house,3,1,202,sale,1985.0,False,1.9378063768019524,1,1,85,0,1,12.726623660050388
PROP1874,Spacious 1 Bedroom Apartment in Vacoas,Vacoas,Plaines Wilhems,Central,-20.30555429476673,57.48267998481596,130000,apartment,1,2,78,sale,2022.0,True,14.787729623751574,0,1,50,0,0,3.94619982373643
PROP1875,Luxurious 5 Bedroom Apartment in Curepipe,Curepipe,Plaines Wilhems,Central,-20.318963376282483,57.52519916790039,205000,apartment,5,5,115,sale,2002.0,True,12.468757709841672,0,1,55,0,0,1.0025821893931552
PROP1876,Charming 5 Bedroom House in Mahebourg,Mahebourg,Grand Port,East,-20.417501598978436,57.70837429622242,345000,house,5,5,257,sale,2001.0,True,1.009474163775394,1,1,45,0,0,24.074309573653267
PROP1877,Modern 4 Bedroom Villa in Flic en Flac,Flic en Flac,Black River,West,-20.265439608897164,57.358825750517134,940000,villa,4,1,261,rent,2024.0,True,1.6177499905442718,2,0,85,0,1,13.351682146657101
PROP1878,Elegant 1 Bedroom Villa in Trou d'Eau Douce,Trou d'Eau Douce,Flacq,East,-20.2204833572486,57.78806510445903,550000,villa,1,1,177,sale,1999.0,True,1.1568075449234745,2,1,65,0,0,31.950840236300557
PROP1879,Spacious 3 Bedroom Condo in Port Louis,Port Louis,Port Louis,North,-20.154573822763403,57.49691950495438,270000,condo,3,2,130,sale,2015.0,True,3.060816898327116,3,1,65,0,0,0.8423959118463327
PROP1880,Modern 5 Bedroom House in Beau Bassin,Beau Bassin,Plaines Wilhems,Central,-20.211664222141216,57.46414510741031,260000,house,5,3,169,sale,2002.0,True,11.661966790678449,1,1,55,0,0,6.020446141139388
PROP1881,Cozy 4 Bedroom Condo in Mahebourg,Mahebourg,Grand Port,East,-20.416263558236132,57.69426029685944,215000,condo,4,3,129,sale,2020.0,True,3.08614465933551,3,1,45,0,0,22.633086931900497
PROP1882,Spacious 2 Bedroom Villa in Curepipe,Curepipe,Plaines Wilhems,Central,-20.31433273607223,57.52444970166554,540000,villa,2,2,194,sale,1999.0,False,10.26016160188727,2,1,55,0,0,0.8956296284283539
PROP1883,Luxurious 2 Bedroom House in Belle Mare,Belle Mare,Flacq,East,-20.198336717670667,57.783092987420105,465000,house,2,3,235,sale,2012.0,False,3.068823785306146,1,1,75,0,1,31.803638274997557
PROP1884,Charming 2 Bedroom Villa in Rose Hill,Rose Hill,Plaines Wilhems,Central,-20.252130428388003,57.46481486256853,775000,villa,2,1,330,sale,2022.0,True,10.901505493974144,2,1,55,0,0,2.0474733154670153
PROP1885,Beautiful 2 Bedroom Condo in Blue Bay,Blue Bay,Grand Port,East,-20.42975608080997,57.70675944842195,345000,condo,2,1,112,rent,1986.0,False,2.1846630289547178,3,0,70,0,1,24.584833518578712
PROP1886,Charming 2 Bedroom House in Grand Baie,Grand Baie,Rivière du Rempart,North,-20.01504096116001,57.58969201073536,340000,house,2,1,147,sale,1997.0,False,3.2164974221501974,1,1,90,0,1,19.165032065607615
PROP1887,Modern 4 Bedroom Villa in Trou d'Eau Douce,Trou d'Eau Douce,Flacq,East,-20.224671798530643,57.77991120334232,510000,villa,4,3,174,sale,2020.0,True,3.5101948679503736,2,1,65,0,0,30.942969998198112
PROP1888,Beautiful 1 Bedroom Apartment in Tamarin,Tamarin,Black River,West,-20.33456286447985,57.36289224885498,225000,apartment,1,1,87,sale,1981.0,True,2.699602343953904,0,1,80,0,0,15.102374794194306
PROP1889,Modern 5 Bedroom Apartment in Vacoas,Vacoas,Plaines Wilhems,Central,-20.28967306706586,57.480436640301335,175000,apartment,5,5,94,sale,1982.0,True,12.237034874304262,0,1,50,0,0,2.8757403200954315
PROP1890,Luxurious 2 Bedroom Villa in Belle Mare,Belle Mare,Flacq,East,-20.18746102850579,57.77432311105955,1220000,villa,2,2,341,rent,1980.0,False,1.1698407416410703,2,0,75,0,1,30.703341653232496
PROP1891,439 sqm Land in Vacoas,Vacoas,Plaines Wilhems,Central,-20.30592847738581,57.48514026363397,270000,land,0,0,439,rent,0.0,False,8.684777401265034,4,0,50,0,0,3.673444654283267
PROP1892,Spacious 3 Bedroom Villa in Beau Bassin,Beau Bassin,Plaines Wilhems,Central,-20.21744543046331,57.46639414378431,945000,villa,3,3,337,rent,2005.0,True,7.690473662768573,2,0,55,0,0,5.3351464967589
PROP1893,Modern 3 Bedroom Apartment in Port Louis,Port Louis,Port Louis,North,-20.167457322403965,57.50697524334237,115000,apartment,3,2,60,sale,2004.0,True,3.8926476016532416,0,1,65,0,0,1.088102304664976
PROP1894,Luxurious 1 Bedroom Apartment in Belle Mare,Belle Mare,Flacq,East,-20.194899657971963,57.783492446295135,315000,apartment,1,2,119,rent,2010.0,True,2.809907869656402,0,0,75,0,1,31.80142017182183
PROP1895,Luxurious 1 Bedroom Apartment in Tamarin,Tamarin,Black River,West,-20.32743416985065,57.36234651474924,195000,apartment,1,1,82,sale,1994.0,True,3.2323041496278564,0,1,80,0,0,14.759529335934685
PROP1896,Cozy 1 Bedroom House in Trou aux Biches,Trou aux Biches,Pamplemousses,North,-20.0250921662754,57.53603002725112,425000,house,1,1,161,sale,2009.0,False,4.3487042089825,1,1,85,0,1,15.735017307292756
PROP1897,Modern 1 Bedroom Villa in Quatre Bornes,Quatre Bornes,Plaines Wilhems,Central,-20.267725612091237,57.473245161251306,775000,villa,1,2,305,rent,2015.0,True,11.402829554434934,2,0,60,0,0,0.7824481809019872
PROP1898,Modern 1 Bedroom House in Blue Bay,Blue Bay,Grand Port,East,-20.43492602650407,57.72015989639749,675000,house,1,2,290,rent,1992.0,False,1.0036287665639765,1,0,70,0,1,26.15752171447995
PROP1899,Luxurious 4 Bedroom House in Vacoas,Vacoas,Plaines Wilhems,Central,-20.30182591349658,57.48053100532157,205000,house,4,1,151,rent,1980.0,False,14.928392785412964,1,0,50,0,0,4.223864133603622
PROP1900,651 sqm Land in Mahebourg,Mahebourg,Grand Port,East,-20.400316674246053,57.70767757403956,380000,land,0,0,651,sale,0.0,False,2.6036705022646367,4,1,45,0,0,23.17382656875584
PROP1901,Luxurious 3 Bedroom Condo in Trou d'Eau Douce,Trou d'Eau Douce,Flacq,East,-20.233186313828387,57.78310713819423,440000,condo,3,2,185,sale,1997.0,True,2.812200566751449,3,1,65,0,0,30.984179568067486
PROP1902,Modern 3 Bedroom House in Port Louis,Port Louis,Port Louis,North,-20.15453762463768,57.50043594444223,325000,house,3,3,167,sale,1999.0,True,1.3888526423937448,1,1,65,0,0,0.8348181252091668
PROP1903,Luxurious 4 Bedroom Condo in Belle Mare,Belle Mare,Flacq,East,-20.205744821562806,57.7743669708327,200000,condo,4,1,86,rent,1998.0,True,2.3181548861231898,3,0,75,0,1,30.96172255736219
PROP1904,904 sqm Land in Blue Bay,Blue Bay,Grand Port,East,-20.436019363824197,57.714939262426505,815000,land,0,0,904,sale,0.0,False,1.1809143849793968,4,1,70,0,1,25.72115581574768
PROP1905,Beautiful 5 Bedroom House in Quatre Bornes,Quatre Bornes,Plaines Wilhems,Central,-20.256834516780117,57.48016365927824,465000,house,5,2,295,sale,1992.0,True,11.831410013485067,1,1,60,0,0,0.7821312963321991
PROP1906,Charming 2 Bedroom Apartment in Flic en Flac,Flic en Flac,Black River,West,-20.265544482475537,57.37303064234342,155000,apartment,2,3,56,sale,1987.0,False,2.656099371807126,0,1,85,0,1,11.77529093390847
PROP1907,Cozy 3 Bedroom Condo in Grand Baie,Grand Baie,Rivière du Rempart,North,-20.024022783061405,57.57820684424683,675000,condo,3,4,193,rent,1981.0,False,4.69035026334857,3,0,90,0,1,17.655527022505243
PROP1908,Luxurious 1 Bedroom Apartment in Quatre Bornes,Quatre Bornes,Plaines Wilhems,Central,-20.271490852783277,57.48058482626437,150000,apartment,1,2,90,sale,2001.0,False,8.75730132053101,0,1,60,0,0,0.8694490881819963
PROP1909,Luxurious 1 Bedroom Villa in Mahebourg,Mahebourg,Grand Port,East,-20.40276030240941,57.70246844757406,735000,villa,1,2,336,sale,1991.0,False,3.9821368255509175,2,1,45,0,0,22.75899720746841
PROP1910,Cozy 4 Bedroom Villa in Rose Hill,Rose Hill,Plaines Wilhems,Central,-20.24421784012132,57.47299434112328,965000,villa,4,5,333,sale,2012.0,True,13.562251971390532,2,1,55,0,0,2.276826349970377
PROP1911,Spacious 2 Bedroom Apartment in Tamarin,Tamarin,Black River,West,-20.332965536389302,57.37224744965916,180000,apartment,2,3,77,rent,2017.0,False,2.516073790140517,0,0,80,0,0,14.128577319020948
PROP1912,Charming 5 Bedroom Apartment in Flic en Flac,Flic en Flac,Black River,West,-20.278473839599588,57.37065497510162,160000,apartment,5,1,51,rent,2022.0,True,2.3157494322586696,0,0,85,0,1,12.147095207030672
PROP1913,Modern 1 Bedroom House in Vacoas,Vacoas,Plaines Wilhems,Central,-20.30013812317201,57.47314088219004,240000,house,1,1,185,sale,1989.0,True,11.577405435778356,1,1,50,0,0,4.08740869365481
PROP1914,235 sqm Land in Mahebourg,Mahebourg,Grand Port,East,-20.41586030600589,57.70603885855381,145000,land,0,0,235,rent,0.0,False,1.2732237779233095,4,0,45,0,0,23.760031027115996
PROP1915,Beautiful 3 Bedroom Apartment in Blue Bay,Blue Bay,Grand Port,East,-20.434292059060503,57.70507965775578,310000,apartment,3,2,113,rent,2013.0,False,4.913956133696803,0,0,70,0,1,24.688535010865593
PROP1916,Modern 3 Bedroom Condo in Flic en Flac,Flic en Flac,Black River,West,-20.275355647147624,57.36833019410559,495000,condo,3,1,148,sale,1983.0,True,1.2055572250341329,3,1,85,0,1,12.36217264685947
PROP1917,654 sqm Land in Vacoas,Vacoas,Plaines Wilhems,Central,-20.301743730956908,57.47729992487669,450000,land,0,0,654,rent,0.0,False,12.727611841465835,4,0,50,0,0,4.216490990877145
PROP1918,Modern 2 Bedroom Apartment in Beau Bassin,Beau Bassin,Plaines Wilhems,Central,-20.21887698278141,57.45700894705382,290000,apartment,2,3,143,rent,2012.0,True,5.5560465506088565,0,0,55,0,0,5.556758112282919
PROP1919,Luxurious 5 Bedroom Apartment in Port Louis,Port Louis,Port Louis,North,-20.16811287875991,57.49223466987361,175000,apartment,5,4,93,rent,2008.0,True,3.114877243540885,0,0,65,0,0,1.0114194781862618
PROP1920,Luxurious 4 Bedroom Apartment in Quatre Bornes,Quatre Bornes,Plaines Wilhems,Central,-20.26050525810426,57.48410506491516,95000,apartment,4,4,53,rent,1999.0,False,11.10942985918956,0,0,60,0,0,0.6651299220766751
PROP1921,Beautiful 1 Bedroom Villa in Rose Hill,Rose Hill,Plaines Wilhems,Central,-20.235157715780037,57.46185872636343,970000,villa,1,2,363,rent,2007.0,False,10.718474904318471,2,0,55,0,0,3.71085793492078
PROP1922,Spacious 5 Bedroom Condo in Curepipe,Curepipe,Plaines Wilhems,Central,-20.32546597080501,57.5080408356034,385000,condo,5,5,172,sale,1993.0,True,9.744479957127892,3,1,55,0,0,1.4001738614463755
PROP1923,Cozy 2 Bedroom Condo in Curepipe,Curepipe,Plaines Wilhems,Central,-20.32390982384745,57.52430282449478,370000,condo,2,3,174,sale,1981.0,True,13.06503241415111,3,1,55,0,0,1.209721210374333
PROP1924,Modern 3 Bedroom Apartment in Souillac,Souillac,Savanne,South,-20.522521671957065,57.52559331507748,185000,apartment,3,1,141,sale,1997.0,False,6.517135645993726,0,1,40,0,0,22.92345169877829
PROP1925,Modern 1 Bedroom Condo in Quatre Bornes,Quatre Bornes,Plaines Wilhems,Central,-20.265075786208403,57.48736075294477,360000,condo,1,1,184,rent,1991.0,True,6.8336354655731615,3,0,60,0,0,0.927814398427793
PROP1926,Charming 5 Bedroom Condo in Vacoas,Vacoas,Plaines Wilhems,Central,-20.29612953859525,57.47707294043136,280000,condo,5,3,161,rent,2017.0,True,8.69666128730562,3,0,50,0,0,3.5956257195324097
PROP1927,Modern 5 Bedroom Apartment in Tamarin,Tamarin,Black River,West,-20.32560075020876,57.37332516460224,220000,apartment,5,2,94,rent,2013.0,False,4.181696811967258,0,0,80,0,0,13.598133604856544
PROP1928,Beautiful 5 Bedroom Condo in Port Louis,Port Louis,Port Louis,North,-20.167035513877774,57.49647380192464,355000,condo,5,2,156,sale,1981.0,True,3.0187628667436823,3,1,65,0,0,0.6304559614922668
PROP1929,Luxurious 4 Bedroom Apartment in Trou d'Eau Douce,Trou d'Eau Douce,Flacq,East,-20.220493156306915,57.79211702247493,225000,apartment,4,2,93,rent,2002.0,False,1.2017765481492249,0,0,65,0,0,32.374997175912966
PROP1930,Beautiful 1 Bedroom House in Grand Baie,Grand Baie,Rivière du Rempart,North,-20.021185792745847,57.58720360698292,520000,house,1,2,184,sale,1995.0,False,4.831990113874928,1,1,90,0,1,18.44004187654748
PROP1931,Beautiful 3 Bedroom House in Mahebourg,Mahebourg,Grand Port,East,-20.41192686277449,57.70439397321447,190000,house,3,3,145,rent,2001.0,False,4.87630069849765,1,0,45,0,0,23.397106670673622
PROP1932,Luxurious 3 Bedroom Villa in Souillac,Souillac,Savanne,South,-20.52741175222242,57.52779967724236,735000,villa,3,1,310,sale,1984.0,True,10.657171640428858,2,1,40,0,0,23.477441263019635
PROP1933,Luxurious 2 Bedroom House in Trou d'Eau Douce,Trou d'Eau Douce,Flacq,East,-20.23576526535164,57.79328114216236,400000,house,2,3,234,sale,2000.0,True,1.1479803969777893,1,1,65,0,0,31.98306642748303
PROP1934,Charming 2 Bedroom Condo in Grand Baie,Grand Baie,Rivière du Rempart,North,-20.02459426230095,57.580749841055656,230000,condo,2,2,82,rent,1989.0,False,3.725650280598353,3,0,90,0,1,17.743433184155
PROP1935,Beautiful 3 Bedroom Apartment in Rose Hill,Rose Hill,Plaines Wilhems,Central,-20.2390172528942,57.475416195393926,275000,apartment,3,3,141,rent,1980.0,True,8.800293372275828,0,0,55,0,0,2.781109309494166
PROP1936,Beautiful 2 Bedroom Condo in Curepipe,Curepipe,Plaines Wilhems,Central,-20.323033604826897,57.51241076457244,320000,condo,2,2,166,rent,2002.0,True,12.469925478842022,3,0,55,0,0,0.8897177867776219
PROP1937,Cozy 2 Bedroom Apartment in Flic en Flac,Flic en Flac,Black River,West,-20.27353958510765,57.37058978491279,350000,apartment,2,1,118,sale,1997.0,False,3.5202005728145367,0,1,85,0,1,12.093054589194518
PROP1938,Spacious 3 Bedroom House in Flic en Flac,Flic en Flac,Black River,West,-20.27033279474713,57.355045193230254,345000,house,3,4,151,rent,2012.0,True,4.724053079745396,1,0,85,0,1,13.789163475276824
PROP1939,Beautiful 2 Bedroom House in Blue Bay,Blue Bay,Grand Port,East,-20.437039454462337,57.71167334148498,785000,house,2,3,293,rent,1999.0,True,2.10359024239534,1,0,70,0,1,25.471001037982568
PROP1940,Modern 2 Bedroom Condo in Vacoas,Vacoas,Plaines Wilhems,Central,-20.29839937106269,57.4740594991238,330000,condo,2,3,159,rent,1999.0,False,12.28480736529513,3,0,50,0,0,3.8810703997703007
PROP1941,872 sqm Land in Curepipe,Curepipe,Plaines Wilhems,Central,-20.32227366867134,57.518284799639446,610000,land,0,0,872,rent,0.0,False,8.40359337268584,4,0,55,0,0,0.6996346902192301
PROP1942,959 sqm Land in Vacoas,Vacoas,Plaines Wilhems,Central,-20.3035932186598,57.47314478002518,715000,land,0,0,959,sale,0.0,False,7.734055247547586,4,1,50,0,0,4.4662362775338265
PROP1943,Cozy 3 Bedroom Condo in Rose Hill,Rose Hill,Plaines Wilhems,Central,-20.245354591301624,57.4715948083479,320000,condo,3,4,188,rent,2023.0,True,9.704707305448398,3,0,55,0,0,2.210436184926788
PROP1944,Cozy 1 Bedroom House in Trou aux Biches,Trou aux Biches,Pamplemousses,North,-20.02359190313084,57.546615329614745,660000,house,1,2,298,rent,1991.0,False,2.647598941819088,1,0,85,0,1,16.240131659221067
PROP1945,Elegant 5 Bedroom House in Curepipe,Curepipe,Plaines Wilhems,Central,-20.325879662588594,57.51564149998085,325000,house,5,6,177,rent,1995.0,False,7.615426062852134,1,0,55,0,0,1.0796973487122656
PROP1946,Beautiful 3 Bedroom Villa in Belle Mare,Belle Mare,Flacq,East,-20.19480062384053,57.78365425900639,1595000,villa,3,4,397,sale,1985.0,False,3.580391403902924,2,1,75,0,1,31.817998315393897
PROP1947,618 sqm Land in Trou d'Eau Douce,Trou d'Eau Douce,Flacq,East,-20.228172294602977,57.78130932015898,575000,land,0,0,618,sale,0.0,False,4.78850641554834,4,1,65,0,0,30.964802621846943
PROP1948,Beautiful 2 Bedroom Apartment in Blue Bay,Blue Bay,Grand Port,East,-20.430513536700392,57.72077595955452,150000,apartment,2,1,65,sale,2004.0,True,1.3558857474036148,0,1,70,0,1,25.97385938371971
PROP1949,Luxurious 5 Bedroom Apartment in Belle Mare,Belle Mare,Flacq,East,-20.204508034106546,57.78936617375286,385000,apartment,5,1,145,sale,2000.0,True,1.0771270758323443,0,1,75,0,1,32.58678001392752
PROP1950,Elegant 5 Bedroom House in Flic en Flac,Flic en Flac,Black River,West,-20.27832133561388,57.36412458000936,545000,house,5,5,214,rent,2011.0,True,2.2450641879421456,1,0,85,0,1,12.863657961156656
PROP1951,Luxurious 1 Bedroom Apartment in Trou aux Biches,Trou aux Biches,Pamplemousses,North,-20.03967241697147,57.5447028189393,260000,apartment,1,1,93,rent,2001.0,False,1.2656471975346206,0,0,85,0,1,14.488574618571489
PROP1952,Spacious 2 Bedroom House in Grand Baie,Grand Baie,Rivière du Rempart,North,-20.008607146081697,57.5826470861902,590000,house,2,2,239,sale,1984.0,True,2.313025681430902,1,1,90,0,1,19.389216639389886
PROP1953,Cozy 2 Bedroom Villa in Flic en Flac,Flic en Flac,Black River,West,-20.280844921876373,57.35643388638433,830000,villa,2,3,205,sale,1994.0,False,2.3050456822831142,2,1,85,0,1,13.746759492118764
PROP1954,Modern 2 Bedroom House in Flic en Flac,Flic en Flac,Black River,West,-20.27903715484071,57.36131448840914,635000,house,2,2,230,sale,1988.0,False,1.6252669776155195,1,1,85,0,1,13.183135756679015
PROP1955,367 sqm Land in Belle Mare,Belle Mare,Flacq,East,-20.18997624707438,57.77677243480704,395000,land,0,0,367,sale,0.0,False,4.923670066225764,4,1,75,0,1,31.0008842855541
PROP1956,Beautiful 3 Bedroom Condo in Souillac,Souillac,Savanne,South,-20.518482068474324,57.512041163629966,150000,condo,3,4,113,rent,2014.0,False,6.168678958884799,3,0,40,0,0,22.459011092003028
PROP1957,Spacious 2 Bedroom Apartment in Grand Baie,Grand Baie,Rivière du Rempart,North,-20.019517284047776,57.57722390175621,205000,apartment,2,2,63,rent,1997.0,True,1.8718307639785905,0,0,90,0,1,18.03791714623976
PROP1958,Luxurious 3 Bedroom Condo in Mahebourg,Mahebourg,Grand Port,East,-20.418062203631383,57.70932522376658,220000,condo,3,2,115,rent,2020.0,False,2.6810373074794445,3,0,45,0,0,24.19670676567555
PROP1959,Elegant 2 Bedroom Condo in Grand Baie,Grand Baie,Rivière du Rempart,North,-20.022571410138468,57.58006664872392,260000,condo,2,2,90,rent,2011.0,True,2.3411446164534944,3,0,90,0,1,17.898377696233865
PROP1960,Cozy 3 Bedroom Villa in Quatre Bornes,Quatre Bornes,Plaines Wilhems,Central,-20.26432266536163,57.48312480965356,975000,villa,3,3,324,sale,1988.0,True,10.056795596769232,2,1,60,0,0,0.450505117826746
PROP1961,Modern 2 Bedroom House in Quatre Bornes,Quatre Bornes,Plaines Wilhems,Central,-20.27133184310839,57.47221158366408,175000,house,2,3,104,rent,2017.0,True,11.2234669272734,1,0,60,0,0,1.1329557460597655
PROP1962,Spacious 2 Bedroom Apartment in Quatre Bornes,Quatre Bornes,Plaines Wilhems,Central,-20.265350149856648,57.47004291198719,135000,apartment,2,2,66,rent,1984.0,False,8.565272855655442,0,0,60,0,0,1.019955364963577
PROP1963,Modern 2 Bedroom Condo in Quatre Bornes,Quatre Bornes,Plaines Wilhems,Central,-20.268620428021517,57.47931685839216,325000,condo,2,1,143,rent,1982.0,True,7.979475485881331,3,0,60,0,0,0.5356086885663295
PROP1964,813 sqm Land in Beau Bassin,Beau Bassin,Plaines Wilhems,Central,-20.224959023918757,57.4686449150726,520000,land,0,0,813,sale,0.0,False,8.225654368853975,4,1,55,0,0,4.4648088746584005
PROP1965,Elegant 1 Bedroom House in Trou d'Eau Douce,Trou d'Eau Douce,Flacq,East,-20.225739222449374,57.79716740772949,255000,house,1,1,138,sale,2020.0,True,3.6868146998011495,1,1,65,0,0,32.72170477071024
PROP1966,Modern 2 Bedroom House in Trou aux Biches,Trou aux Biches,Pamplemousses,North,-20.03815155988696,57.54879762108726,305000,house,2,2,131,sale,1988.0,True,2.1503840975123905,1,1,85,0,1,14.810681800057312
PROP1967,Beautiful 2 Bedroom House in Port Louis,Port Louis,Port Louis,North,-20.15639823683386,57.50238899200684,245000,house,2,2,108,rent,2002.0,True,2.183561900260798,1,0,65,0,0,0.7231414720480789
PROP1968,Luxurious 3 Bedroom Apartment in Vacoas,Vacoas,Plaines Wilhems,Central,-20.29262924623933,57.48611363755669,100000,apartment,3,2,56,sale,1999.0,False,8.939984897928454,0,1,50,0,0,3.2933843108215815
PROP1969,Modern 3 Bedroom House in Beau Bassin,Beau Bassin,Plaines Wilhems,Central,-20.21044810736231,57.47006978769941,290000,house,3,3,158,rent,2004.0,False,5.827980327296858,1,0,55,0,0,6.006289061816756
PROP1970,Beautiful 3 Bedroom Villa in Rose Hill,Rose Hill,Plaines Wilhems,Central,-20.245189511689887,57.480491976043886,595000,villa,3,1,255,sale,2002.0,False,10.321280108015468,2,1,55,0,0,2.0715344255954045
PROP1971,Modern 5 Bedroom Condo in Grand Baie,Grand Baie,Rivière du Rempart,North,-20.00941759401129,57.58263241825885,325000,condo,5,4,99,rent,1991.0,True,1.796767858514067,3,0,90,0,1,19.30953460563238
PROP1972,Cozy 5 Bedroom Apartment in Vacoas,Vacoas,Plaines Wilhems,Central,-20.29689244740541,57.48739175903109,165000,apartment,5,4,98,rent,2016.0,True,6.535581079151804,0,0,50,0,0,3.786813997340058
PROP1973,Modern 3 Bedroom Condo in Vacoas,Vacoas,Plaines Wilhems,Central,-20.30595332191725,57.47009788729482,165000,condo,3,1,80,sale,1989.0,True,8.18062457438314,3,1,50,0,0,4.784525672264434
PROP1974,Beautiful 2 Bedroom Villa in Grand Baie,Grand Baie,Rivière du Rempart,North,-20.026689088806663,57.58372036777499,1650000,villa,2,3,379,sale,2017.0,False,3.2889209428058184,2,1,90,0,1,17.717104033175495
PROP1975,412 sqm Land in Quatre Bornes,Quatre Bornes,Plaines Wilhems,Central,-20.26681477377946,57.4824043375153,290000,land,0,0,412,sale,0.0,False,14.756006445606833,4,1,60,0,0,0.4965002498861304
PROP1976,Charming 3 Bedroom Villa in Grand Baie,Grand Baie,Rivière du Rempart,North,-20.020015223941044,57.58260227899899,1490000,villa,3,3,366,rent,2000.0,True,3.453698546733406,2,0,90,0,1,18.285497728640067
PROP1977,Modern 4 Bedroom Condo in Flic en Flac,Flic en Flac,Black River,West,-20.270217181637648,57.36685733057092,445000,condo,4,5,136,sale,1990.0,False,1.371403947093421,3,1,85,0,1,12.479281845736573
PROP1978,909 sqm Land in Quatre Bornes,Quatre Bornes,Plaines Wilhems,Central,-20.26857440789744,57.4825117276844,715000,land,0,0,909,rent,0.0,False,12.366117345735669,4,0,60,0,0,0.6513615491569017
PROP1979,Beautiful 2 Bedroom Villa in Vacoas,Vacoas,Plaines Wilhems,Central,-20.28917596749975,57.486400119064754,405000,villa,2,3,160,rent,1983.0,False,13.877978234495863,2,0,50,0,0,2.9309706377122917
PROP1980,971 sqm Land in Mahebourg,Mahebourg,Grand Port,East,-20.398598420314364,57.70083079605128,550000,land,0,0,971,rent,0.0,False,1.406333818704686,4,0,45,0,0,22.401792708992325
PROP1981,Spacious 3 Bedroom House in Trou aux Biches,Trou aux Biches,Pamplemousses,North,-20.04257975873572,57.54869998821386,615000,house,3,3,255,rent,2009.0,False,2.2689174217313783,1,0,85,0,1,14.351814442532085
PROP1982,Cozy 4 Bedroom House in Vacoas,Vacoas,Plaines Wilhems,Central,-20.28993148818763,57.47633724718007,180000,house,4,1,137,sale,1990.0,True,8.738417958686853,1,1,50,0,0,2.916761254711106
PROP1983,330 sqm Land in Mahebourg,Mahebourg,Grand Port,East,-20.40932815282264,57.69565871240347,190000,land,0,0,330,rent,0.0,False,4.207184221724401,4,0,45,0,0,22.402999777077632
PROP1984,Beautiful 4 Bedroom Apartment in Belle Mare,Belle Mare,Flacq,East,-20.202744331952072,57.77580472359058,265000,apartment,4,3,124,rent,1994.0,False,2.6377365666817907,0,0,75,0,1,31.06899426447312
PROP1985,Spacious 1 Bedroom Villa in Vacoas,Vacoas,Plaines Wilhems,Central,-20.28983765347514,57.48654567506789,915000,villa,1,1,338,sale,1999.0,False,8.087915341236172,2,1,50,0,0,3.0060256649266655
PROP1986,263 sqm Land in Souillac,Souillac,Savanne,South,-20.52077129811728,57.526744418686654,150000,land,0,0,263,sale,0.0,False,7.80772016786318,4,1,40,0,0,22.735316125575103
PROP1987,656 sqm Land in Tamarin,Tamarin,Black River,West,-20.32549900113913,57.36554662004993,615000,land,0,0,656,rent,0.0,False,4.425009306229487,4,0,80,0,0,14.344849493854573
PROP1988,Charming 1 Bedroom Villa in Quatre Bornes,Quatre Bornes,Plaines Wilhems,Central,-20.25469770046624,57.47067743583367,880000,villa,1,2,269,sale,1980.0,True,6.719330814603477,2,1,60,0,0,1.3765407297870849
PROP1989,Modern 5 Bedroom House in Trou d'Eau Douce,Trou d'Eau Douce,Flacq,East,-20.23250451047366,57.78226010019516,255000,house,5,2,148,sale,1984.0,True,1.141212125767173,1,1,65,0,0,30.91708164548804
PROP1990,Cozy 2 Bedroom Apartment in Rose Hill,Rose Hill,Plaines Wilhems,Central,-20.245489008350177,57.46785489689566,130000,apartment,2,3,71,sale,2003.0,True,12.27847954310974,0,1,55,0,0,2.3851954167267406
PROP1991,Charming 4 Bedroom Apartment in Trou d'Eau Douce,Trou d'Eau Douce,Flacq,East,-20.221923235997888,57.79810292447974,175000,apartment,4,5,79,sale,1991.0,True,2.3117157530846537,0,1,65,0,0,32.952608852287625
PROP1992,Charming 2 Bedroom Condo in Flic en Flac,Flic en Flac,Black River,West,-20.27950566324996,57.35644175904291,380000,condo,2,2,124,rent,2002.0,False,2.248593719926522,3,0,85,0,1,13.726222449171784
PROP1993,267 sqm Land in Trou aux Biches,Trou aux Biches,Pamplemousses,North,-20.02721244017962,57.55407475129252,270000,land,0,0,267,sale,0.0,False,2.136185495463572,4,1,85,0,1,16.15612223966012
PROP1994,Luxurious 1 Bedroom Apartment in Rose Hill,Rose Hill,Plaines Wilhems,Central,-20.239623531412093,57.47716900237952,115000,apartment,1,1,65,rent,2000.0,True,11.702652596713603,0,0,55,0,0,2.6921342046701726
PROP1995,825 sqm Land in Blue Bay,Blue Bay,Grand Port,East,-20.448833218723205,57.70712522978256,800000,land,0,0,825,rent,0.0,False,3.950520932986637,4,0,70,0,1,25.76812676525879
PROP1996,Modern 3 Bedroom Apartment in Grand Baie,Grand Baie,Rivière du Rempart,North,-20.018270479295804,57.58216944279699,215000,apartment,3,2,77,sale,2007.0,False,3.343302000018508,0,1,90,0,1,18.42842021659581
PROP1997,401 sqm Land in Rose Hill,Rose Hill,Plaines Wilhems,Central,-20.23777033600396,57.4745930081308,310000,land,0,0,401,sale,0.0,False,7.017866319429857,4,1,55,0,0,2.932283836970689
PROP1998,Charming 2 Bedroom Apartment in Tamarin,Tamarin,Black River,West,-20.33383977203428,57.36563808374466,215000,apartment,2,2,85,sale,2024.0,False,1.4338985675100138,0,1,80,0,0,14.800582043071909
PROP1999,Charming 2 Bedroom Villa in Vacoas,Vacoas,Plaines Wilhems,Central,-20.29265436991659,57.47376479185802,750000,villa,2,3,317,rent,1993.0,True,8.65178037106679,2,0,50,0,0,3.257124938419607
